0,2026-06-05T16:00:00.000Z,contentservice-0,"{""severity"": ""INFO"", ""event"": ""request"", ""request-id"": ""5ee6737f-8c4f-42fd-99f4-28ba38232fef"", ""method"": ""GET"", ""path"": ""/api/auth/logout"", ""status-code"": 403}"
1,2026-06-05T16:00:00.103Z,contentservice-1,"{""severity"": ""INFO"", ""event"": ""call"", ""request-id"": ""5ee6737f-8c4f-42fd-99f4-28ba38232fef"", ""target-service"": ""emailservice"", ""duration-ms"": 145}"
2,2026-06-05T16:00:00.151Z,emailservice-1,"{""severity"": ""INFO"", ""event"": ""request"", ""request-id"": ""5ee6737f-8c4f-42fd-99f4-28ba38232fef"", ""method"": ""GET"", ""path"": ""/api/content/notice"", ""status-code"": 200}"
3,2026-06-05T16:00:01.908Z,gateway-1,"{""severity"": ""INFO"", ""event"": ""call"", ""request-id"": ""bcbb3ffa-dc2f-431b-9a23-c354ffcb5874"", ""target-service"": ""userservice"", ""duration-ms"": 242}"
4,2026-06-05T16:00:03.282Z,gateway-0,"{""severity"": ""INFO"", ""event"": ""call"", ""request-id"": ""f8047dfa-752a-4bc5-94eb-3ad2a4ebbebf"", ""target-service"": ""userservice"", ""duration-ms"": 220}"
5,2026-06-05T16:00:04.478Z,contentservice-1,"{""severity"": ""INFO"", ""event"": ""call"", ""request-id"": ""3e697279-60ab-47fc-a6f2-f1acb11946f4"", ""target-service"": ""emailservice"", ""duration-ms"": 125}"
6,2026-06-05T16:00:06.300Z,userservice-0,"{""severity"": ""INFO"", ""event"": ""request"", ""request-id"": ""de09edea-2c62-4b95-af5f-e004304c645e"", ""method"": ""POST"", ""path"": ""/api/content/notice"", ""status-code"": 200}"
7,2026-06-05T16:00:08.015Z,gateway-1,"{""severity"": ""INFO"", ""event"": ""request"", ""request-id"": ""23df0da0-7c8f-4584-96a3-4ce68126787b"", ""method"": ""DELETE"", ""path"": ""/api/user/john"", ""status-code"": 500}"
8,2026-06-05T16:00:09.685Z,userservice-0,"{""severity"": ""ERROR"", ""event"": ""internal"", ""exception"": ""System.UnauthorizedAccessException: Access to protected resource is denied.""}"
9,2026-06-05T16:00:10.179Z,authservice-0,"{""severity"": ""INFO"", ""event"": ""request"", ""request-id"": ""a744f8cb-b30e-4cd4-b2a3-51a1d27bdf9d"", ""method"": ""DELETE"", ""path"": ""/api/auth/login"", ""status-code"": 200}"
10,2026-06-05T16:00:10.246Z,gateway-1,"{""severity"": ""INFO"", ""event"": ""call"", ""request-id"": ""1fe3f608-891a-489c-83d5-2b6df7bf19c3"", ""target-service"": ""authservice"", ""duration-ms"": 231}"
11,2026-06-05T16:00:10.951Z,gateway-0,"{""severity"": ""ERROR"", ""event"": ""internal"", ""exception"": ""System.UnauthorizedAccessException: Access to protected resource is denied.""}"
12,2026-06-05T16:00:11.928Z,contentservice-1,"{""severity"": ""ERROR"", ""event"": ""internal"", ""exception"": ""System.NullReferenceException: Object reference not set to an instance of an object.""}"
13,2026-06-05T16:00:12.646Z,emailservice-2,"{""severity"": ""INFO"", ""event"": ""request"", ""request-id"": ""402bffcc-0e8a-487d-9385-52a4a00e878c"", ""method"": ""GET"", ""path"": ""/api/content/article"", ""status-code"": 500}"
14,2026-06-05T16:00:12.646Z,userservice-1,"{""severity"": ""INFO"", ""event"": ""request"", ""request-id"": ""a6cb97ec-c1ac-4957-8716-9c7f89ade0f6"", ""method"": ""PUT"", ""path"": ""/api/user/john"", ""status-code"": 204}"
15,2026-06-05T16:00:12.678Z,userservice-0,"{""severity"": ""INFO"", ""event"": ""call"", ""request-id"": ""a6cb97ec-c1ac-4957-8716-9c7f89ade0f6"", ""target-service"": ""emailservice"", ""duration-ms"": 241}"
16,2026-06-05T16:00:12.690Z,emailservice-0,"{""severity"": ""INFO"", ""event"": ""request"", ""request-id"": ""a6cb97ec-c1ac-4957-8716-9c7f89ade0f6"", ""method"": ""PUT"", ""path"": ""/api/content/article"", ""status-code"": 400}"
17,2026-06-05T16:00:13.711Z,userservice-1,"{""severity"": ""INFO"", ""event"": ""call"", ""request-id"": ""c1e96a8b-e1e7-42b4-a05e-02bb3bc12fde"", ""target-service"": ""authservice"", ""duration-ms"": 181}"
18,2026-06-05T16:00:13.711Z,userservice-1,"{""severity"": ""INFO"", ""event"": ""request"", ""request-id"": ""7909e5e5-c7a8-4b2d-a8d8-3e0b07437739"", ""method"": ""PUT"", ""path"": ""/api/auth/logout"", ""status-code"": 200}"
19,2026-06-05T16:00:13.727Z,userservice-0,"{""severity"": ""INFO"", ""event"": ""call"", ""request-id"": ""7909e5e5-c7a8-4b2d-a8d8-3e0b07437739"", ""target-service"": ""emailservice"", ""duration-ms"": 198}"
20,2026-06-05T16:00:13.799Z,emailservice-1,"{""severity"": ""INFO"", ""event"": ""request"", ""request-id"": ""7909e5e5-c7a8-4b2d-a8d8-3e0b07437739"", ""method"": ""POST"", ""path"": ""/api/user/alice"", ""status-code"": 204}"
21,2026-06-05T16:00:14.822Z,userservice-0,"{""severity"": ""ERROR"", ""event"": ""internal"", ""exception"": ""System.Data.DataException: Database query failed.""}"
22,2026-06-05T16:00:14.822Z,userservice-1,"{""severity"": ""INFO"", ""event"": ""request"", ""request-id"": ""14a24371-5315-4a52-b285-f225376632f9"", ""method"": ""GET"", ""path"": ""/api/content/notice"", ""status-code"": 403}"
23,2026-06-05T16:00:15.021Z,userservice-0,"{""severity"": ""ERROR"", ""event"": ""call"", ""request-id"": ""14a24371-5315-4a52-b285-f225376632f9"", ""target-service"": ""emailservice"", ""duration-ms"": 223}"
24,2026-06-05T16:00:15.038Z,emailservice-2,"{""severity"": ""ERROR"", ""event"": ""internal"", ""exception"": ""System.InvalidOperationException: Failed to load service configuration.""}"
25,2026-06-05T16:00:16.442Z,authservice-0,"{""severity"": ""ERROR"", ""event"": ""internal"", ""exception"": ""System.NullReferenceException: Object reference not set to an instance of an object.""}"
26,2026-06-05T16:00:18.425Z,userservice-1,"{""severity"": ""INFO"", ""event"": ""request"", ""request-id"": ""22d51d75-075f-4565-b807-64a0caad9464"", ""method"": ""GET"", ""path"": ""/api/auth/login"", ""status-code"": 201}"
27,2026-06-05T16:00:19.321Z,gateway-1,"{""severity"": ""INFO"", ""event"": ""call"", ""request-id"": ""f9b5caf4-70ac-4dc7-9c51-6ba386cff974"", ""target-service"": ""authservice"", ""duration-ms"": 136}"
28,2026-06-05T16:00:21.170Z,userservice-1,"{""severity"": ""WARNING"", ""event"": ""internal"", ""exception"": ""System.IO.IOException: Temporary file cache is unavailable.""}"
29,2026-06-05T16:00:21.344Z,gateway-1,"{""severity"": ""INFO"", ""event"": ""request"", ""request-id"": ""f99487f0-47d0-4f1f-b9bd-0ce8b7b16022"", ""method"": ""PUT"", ""path"": ""/api/content/notice"", ""status-code"": 404}"
30,2026-06-05T16:00:21.344Z,userservice-1,"{""severity"": ""INFO"", ""event"": ""request"", ""request-id"": ""f3dfaf25-067a-4e8e-94e5-53e516603f58"", ""method"": ""DELETE"", ""path"": ""/api/auth/logout"", ""status-code"": 404}"
31,2026-06-05T16:00:21.434Z,userservice-0,"{""severity"": ""ERROR"", ""event"": ""call"", ""request-id"": ""f3dfaf25-067a-4e8e-94e5-53e516603f58"", ""target-service"": ""emailservice"", ""duration-ms"": 131}"
32,2026-06-05T16:00:21.450Z,emailservice-2,"{""severity"": ""ERROR"", ""event"": ""internal"", ""exception"": ""System.Data.DataException: Database query failed.""}"
33,2026-06-05T16:00:23.288Z,contentservice-1,"{""severity"": ""INFO"", ""event"": ""request"", ""request-id"": ""4d8a1f31-0331-4f1e-a98c-f8abdbfc01c6"", ""method"": ""POST"", ""path"": ""/api/content/notice"", ""status-code"": 403}"
34,2026-06-05T16:00:24.366Z,gateway-1,"{""severity"": ""WARNING"", ""event"": ""internal"", ""exception"": ""System.IO.IOException: Temporary file cache is unavailable.""}"
35,2026-06-05T16:00:25.874Z,authservice-1,"{""severity"": ""INFO"", ""event"": ""request"", ""request-id"": ""6d6460b3-6c4c-46b3-b988-b9e9236de0f8"", ""method"": ""PUT"", ""path"": ""/api/content/article"", ""status-code"": 204}"
36,2026-06-05T16:00:26.159Z,userservice-0,"{""severity"": ""INFO"", ""event"": ""call"", ""request-id"": ""a906ba10-3324-48ea-a911-ff1dc2b95a18"", ""target-service"": ""authservice"", ""duration-ms"": 2}"
37,2026-06-05T16:00:28.155Z,gateway-1,"{""severity"": ""INFO"", ""event"": ""call"", ""request-id"": ""e91765a9-9412-4292-a97d-b7d740d4e424"", ""target-service"": ""authservice"", ""duration-ms"": 96}"
38,2026-06-05T16:00:29.036Z,gateway-0,"{""severity"": ""INFO"", ""event"": ""call"", ""request-id"": ""5286ea54-f542-467f-bf48-1cd3a3ce1bb3"", ""target-service"": ""contentservice"", ""duration-ms"": 217}"
39,2026-06-05T16:00:30.250Z,emailservice-0,"{""severity"": ""ERROR"", ""event"": ""internal"", ""exception"": ""System.NullReferenceException: Object reference not set to an instance of an object.""}"
40,2026-06-05T16:00:31.034Z,gateway-1,"{""severity"": ""INFO"", ""event"": ""call"", ""request-id"": ""491b93ab-0f4e-4fa4-9db4-c939d22d65d4"", ""target-service"": ""contentservice"", ""duration-ms"": 226}"
41,2026-06-05T16:00:31.034Z,userservice-0,"{""severity"": ""INFO"", ""event"": ""request"", ""request-id"": ""0d628521-bd97-4913-9b64-2bd8bd986e93"", ""method"": ""DELETE"", ""path"": ""/api/auth/logout"", ""status-code"": 200}"
42,2026-06-05T16:00:31.212Z,userservice-1,"{""severity"": ""INFO"", ""event"": ""call"", ""request-id"": ""0d628521-bd97-4913-9b64-2bd8bd986e93"", ""target-service"": ""authservice"", ""duration-ms"": 224}"
43,2026-06-05T16:00:31.272Z,authservice-2,"{""severity"": ""INFO"", ""event"": ""request"", ""request-id"": ""0d628521-bd97-4913-9b64-2bd8bd986e93"", ""method"": ""DELETE"", ""path"": ""/api/user/john"", ""status-code"": 200}"
44,2026-06-05T16:00:31.272Z,contentservice-1,"{""severity"": ""INFO"", ""event"": ""request"", ""request-id"": ""383b15f5-322d-4465-8e4f-e3852fa52d82"", ""method"": ""PUT"", ""path"": ""/api/auth/login"", ""status-code"": 200}"
45,2026-06-05T16:00:31.283Z,contentservice-0,"{""severity"": ""INFO"", ""event"": ""call"", ""request-id"": ""383b15f5-322d-4465-8e4f-e3852fa52d82"", ""target-service"": ""emailservice"", ""duration-ms"": 235}"
46,2026-06-05T16:00:31.359Z,emailservice-1,"{""severity"": ""INFO"", ""event"": ""request"", ""request-id"": ""383b15f5-322d-4465-8e4f-e3852fa52d82"", ""method"": ""DELETE"", ""path"": ""/api/auth/login"", ""status-code"": 200}"
47,2026-06-05T16:00:32.585Z,userservice-1,"{""severity"": ""INFO"", ""event"": ""call"", ""request-id"": ""57be34e7-00ee-43f7-a3f3-254f7db88f0d"", ""target-service"": ""authservice"", ""duration-ms"": 238}"
48,2026-06-05T16:00:33.205Z,authservice-1,"{""severity"": ""INFO"", ""event"": ""request"", ""request-id"": ""d338a6c9-e445-4cd2-ab16-7f902cca9c41"", ""method"": ""DELETE"", ""path"": ""/api/content/article"", ""status-code"": 200}"
49,2026-06-05T16:00:33.502Z,authservice-2,"{""severity"": ""INFO"", ""event"": ""request"", ""request-id"": ""15009d62-2d64-4042-9788-fc3208f40da9"", ""method"": ""PUT"", ""path"": ""/api/user/alice"", ""status-code"": 204}"
50,2026-06-05T16:00:34.766Z,emailservice-1,"{""severity"": ""INFO"", ""event"": ""request"", ""request-id"": ""d723637f-8566-42d0-a26f-b302ba994332"", ""method"": ""GET"", ""path"": ""/api/auth/login"", ""status-code"": 200}"
51,2026-06-05T16:00:34.766Z,gateway-0,"{""severity"": ""INFO"", ""event"": ""request"", ""request-id"": ""196a2aec-4984-48e9-84cc-0901e76aac5d"", ""method"": ""DELETE"", ""path"": ""/api/content/article"", ""status-code"": 500}"
52,2026-06-05T16:00:34.853Z,gateway-0,"{""severity"": ""INFO"", ""event"": ""call"", ""request-id"": ""196a2aec-4984-48e9-84cc-0901e76aac5d"", ""target-service"": ""userservice"", ""duration-ms"": 38}"
53,2026-06-05T16:00:34.871Z,userservice-0,"{""severity"": ""INFO"", ""event"": ""request"", ""request-id"": ""196a2aec-4984-48e9-84cc-0901e76aac5d"", ""method"": ""POST"", ""path"": ""/api/user/alice"", ""status-code"": 401}"
54,2026-06-05T16:00:35.026Z,userservice-1,"{""severity"": ""ERROR"", ""event"": ""call"", ""request-id"": ""196a2aec-4984-48e9-84cc-0901e76aac5d"", ""target-service"": ""authservice"", ""duration-ms"": 164}"
55,2026-06-05T16:00:35.109Z,authservice-1,"{""severity"": ""ERROR"", ""event"": ""internal"", ""exception"": ""System.UnauthorizedAccessException: Access to protected resource is denied.""}"
56,2026-06-05T16:00:36.273Z,userservice-1,"{""severity"": ""INFO"", ""event"": ""call"", ""request-id"": ""95f72d66-af6b-467e-a9fa-195beb55cfe2"", ""target-service"": ""emailservice"", ""duration-ms"": 266}"
57,2026-06-05T16:00:37.307Z,authservice-0,"{""severity"": ""INFO"", ""event"": ""request"", ""request-id"": ""2bc546ab-02ba-452e-ae75-7768f878729e"", ""method"": ""PUT"", ""path"": ""/api/auth/login"", ""status-code"": 403}"
58,2026-06-05T16:00:37.307Z,contentservice-0,"{""severity"": ""INFO"", ""event"": ""request"", ""request-id"": ""5fe7b5a3-0ca2-45eb-ac63-1758edc6f0e0"", ""method"": ""DELETE"", ""path"": ""/api/auth/logout"", ""status-code"": 200}"
59,2026-06-05T16:00:37.451Z,contentservice-0,"{""severity"": ""INFO"", ""event"": ""call"", ""request-id"": ""5fe7b5a3-0ca2-45eb-ac63-1758edc6f0e0"", ""target-service"": ""emailservice"", ""duration-ms"": 54}"
60,2026-06-05T16:00:37.510Z,emailservice-2,"{""severity"": ""INFO"", ""event"": ""request"", ""request-id"": ""5fe7b5a3-0ca2-45eb-ac63-1758edc6f0e0"", ""method"": ""DELETE"", ""path"": ""/api/auth/logout"", ""status-code"": 403}"
61,2026-06-05T16:00:39.172Z,userservice-1,"{""severity"": ""ERROR"", ""event"": ""internal"", ""exception"": ""System.InvalidOperationException: Failed to load service configuration.""}"
62,2026-06-05T16:00:39.404Z,gateway-1,"{""severity"": ""INFO"", ""event"": ""request"", ""request-id"": ""c8b774b2-c334-4696-b601-e96a59c745c2"", ""method"": ""DELETE"", ""path"": ""/api/auth/login"", ""status-code"": 200}"
63,2026-06-05T16:00:40.576Z,emailservice-2,"{""severity"": ""INFO"", ""event"": ""request"", ""request-id"": ""f604a126-9ad1-4ed6-a5b1-88bb3444f343"", ""method"": ""DELETE"", ""path"": ""/api/user/john"", ""status-code"": 200}"
64,2026-06-05T16:00:42.549Z,contentservice-1,"{""severity"": ""INFO"", ""event"": ""call"", ""request-id"": ""393c474f-a8ce-4d04-9bce-b1e0179cf25a"", ""target-service"": ""emailservice"", ""duration-ms"": 91}"
65,2026-06-05T16:00:42.549Z,userservice-0,"{""severity"": ""INFO"", ""event"": ""request"", ""request-id"": ""9349643e-7445-4a64-9016-2e335b222466"", ""method"": ""POST"", ""path"": ""/api/content/article"", ""status-code"": 204}"
66,2026-06-05T16:00:42.684Z,userservice-1,"{""severity"": ""INFO"", ""event"": ""call"", ""request-id"": ""9349643e-7445-4a64-9016-2e335b222466"", ""target-service"": ""authservice"", ""duration-ms"": 59}"
67,2026-06-05T16:00:42.777Z,authservice-1,"{""severity"": ""INFO"", ""event"": ""request"", ""request-id"": ""9349643e-7445-4a64-9016-2e335b222466"", ""method"": ""POST"", ""path"": ""/api/content/notice"", ""status-code"": 200}"
68,2026-06-05T16:00:42.777Z,contentservice-1,"{""severity"": ""INFO"", ""event"": ""request"", ""request-id"": ""ed5e5679-a93f-4f29-bb00-bc2c603b439c"", ""method"": ""POST"", ""path"": ""/api/auth/login"", ""status-code"": 204}"
69,2026-06-05T16:00:42.904Z,contentservice-1,"{""severity"": ""INFO"", ""event"": ""call"", ""request-id"": ""ed5e5679-a93f-4f29-bb00-bc2c603b439c"", ""target-service"": ""emailservice"", ""duration-ms"": 152}"
70,2026-06-05T16:00:42.946Z,emailservice-0,"{""severity"": ""INFO"", ""event"": ""request"", ""request-id"": ""ed5e5679-a93f-4f29-bb00-bc2c603b439c"", ""method"": ""DELETE"", ""path"": ""/api/auth/logout"", ""status-code"": 200}"
71,2026-06-05T16:00:43.414Z,gateway-1,"{""severity"": ""INFO"", ""event"": ""request"", ""request-id"": ""b55d3915-c2e4-4d71-ac43-7cccd614e8aa"", ""method"": ""GET"", ""path"": ""/api/user/alice"", ""status-code"": 201}"
72,2026-06-05T16:00:43.880Z,userservice-1,"{""severity"": ""INFO"", ""event"": ""request"", ""request-id"": ""c601e22a-5adc-4c31-b9f8-dba94adaff72"", ""method"": ""GET"", ""path"": ""/api/user/john"", ""status-code"": 200}"
73,2026-06-05T16:00:45.306Z,emailservice-1,"{""severity"": ""INFO"", ""event"": ""request"", ""request-id"": ""9e0a7df6-5f38-4cd9-a7c7-8b2fda18b072"", ""method"": ""PUT"", ""path"": ""/api/content/notice"", ""status-code"": 200}"
74,2026-06-05T16:00:45.306Z,gateway-0,"{""severity"": ""INFO"", ""event"": ""request"", ""request-id"": ""c6308c57-1ce4-4c7d-ad01-f9ac4c2f51e7"", ""method"": ""PUT"", ""path"": ""/api/user/alice"", ""status-code"": 500}"
75,2026-06-05T16:00:45.444Z,gateway-1,"{""severity"": ""INFO"", ""event"": ""call"", ""request-id"": ""c6308c57-1ce4-4c7d-ad01-f9ac4c2f51e7"", ""target-service"": ""userservice"", ""duration-ms"": 123}"
76,2026-06-05T16:00:45.485Z,userservice-0,"{""severity"": ""INFO"", ""event"": ""request"", ""request-id"": ""c6308c57-1ce4-4c7d-ad01-f9ac4c2f51e7"", ""method"": ""POST"", ""path"": ""/api/user/john"", ""status-code"": 401}"
77,2026-06-05T16:00:45.498Z,userservice-0,"{""severity"": ""INFO"", ""event"": ""call"", ""request-id"": ""c6308c57-1ce4-4c7d-ad01-f9ac4c2f51e7"", ""target-service"": ""authservice"", ""duration-ms"": 172}"
78,2026-06-05T16:00:45.566Z,authservice-1,"{""severity"": ""INFO"", ""event"": ""request"", ""request-id"": ""c6308c57-1ce4-4c7d-ad01-f9ac4c2f51e7"", ""method"": ""PUT"", ""path"": ""/api/auth/logout"", ""status-code"": 200}"
79,2026-06-05T16:00:45.974Z,contentservice-0,"{""severity"": ""INFO"", ""event"": ""request"", ""request-id"": ""3c32a611-7303-4aa3-827f-4d0da55e9f84"", ""method"": ""GET"", ""path"": ""/api/content/notice"", ""status-code"": 204}"
80,2026-06-05T16:00:46.505Z,contentservice-0,"{""severity"": ""INFO"", ""event"": ""call"", ""request-id"": ""603e31dc-b982-4c12-8f35-318943171afd"", ""target-service"": ""emailservice"", ""duration-ms"": 183}"
81,2026-06-05T16:00:46.505Z,gateway-0,"{""severity"": ""INFO"", ""event"": ""request"", ""request-id"": ""23e2affd-5ab3-4224-9294-90a68e182be4"", ""method"": ""GET"", ""path"": ""/api/auth/logout"", ""status-code"": 204}"
82,2026-06-05T16:00:46.649Z,gateway-0,"{""severity"": ""INFO"", ""event"": ""call"", ""request-id"": ""23e2affd-5ab3-4224-9294-90a68e182be4"", ""target-service"": ""contentservice"", ""duration-ms"": 195}"
83,2026-06-05T16:00:46.654Z,contentservice-1,"{""severity"": ""INFO"", ""event"": ""request"", ""request-id"": ""23e2affd-5ab3-4224-9294-90a68e182be4"", ""method"": ""POST"", ""path"": ""/api/auth/logout"", ""status-code"": 401}"
84,2026-06-05T16:00:46.681Z,contentservice-0,"{""severity"": ""INFO"", ""event"": ""call"", ""request-id"": ""23e2affd-5ab3-4224-9294-90a68e182be4"", ""target-service"": ""emailservice"", ""duration-ms"": 207}"
85,2026-06-05T16:00:46.753Z,emailservice-0,"{""severity"": ""INFO"", ""event"": ""request"", ""request-id"": ""23e2affd-5ab3-4224-9294-90a68e182be4"", ""method"": ""POST"", ""path"": ""/api/auth/login"", ""status-code"": 400}"
86,2026-06-05T16:00:46.753Z,userservice-1,"{""severity"": ""INFO"", ""event"": ""request"", ""request-id"": ""fd62638f-1d48-4bae-ad8c-270b26eb34a1"", ""method"": ""PUT"", ""path"": ""/api/user/john"", ""status-code"": 404}"
87,2026-06-05T16:00:46.918Z,userservice-0,"{""severity"": ""INFO"", ""event"": ""call"", ""request-id"": ""fd62638f-1d48-4bae-ad8c-270b26eb34a1"", ""target-service"": ""authservice"", ""duration-ms"": 115}"
88,2026-06-05T16:00:46.955Z,authservice-1,"{""severity"": ""INFO"", ""event"": ""request"", ""request-id"": ""fd62638f-1d48-4bae-ad8c-270b26eb34a1"", ""method"": ""DELETE"", ""path"": ""/api/content/notice"", ""status-code"": 404}"
89,2026-06-05T16:00:46.955Z,gateway-0,"{""severity"": ""INFO"", ""event"": ""request"", ""request-id"": ""272bf431-37f3-4a81-9e86-91efe1531ffb"", ""method"": ""PUT"", ""path"": ""/api/content/article"", ""status-code"": 204}"
90,2026-06-05T16:00:47.013Z,gateway-1,"{""severity"": ""INFO"", ""event"": ""call"", ""request-id"": ""272bf431-37f3-4a81-9e86-91efe1531ffb"", ""target-service"": ""userservice"", ""duration-ms"": 184}"
91,2026-06-05T16:00:47.044Z,userservice-1,"{""severity"": ""INFO"", ""event"": ""request"", ""request-id"": ""272bf431-37f3-4a81-9e86-91efe1531ffb"", ""method"": ""DELETE"", ""path"": ""/api/content/notice"", ""status-code"": 201}"
92,2026-06-05T16:00:47.106Z,userservice-0,"{""severity"": ""INFO"", ""event"": ""call"", ""request-id"": ""272bf431-37f3-4a81-9e86-91efe1531ffb"", ""target-service"": ""authservice"", ""duration-ms"": 217}"
93,2026-06-05T16:00:47.161Z,authservice-1,"{""severity"": ""INFO"", ""event"": ""request"", ""request-id"": ""272bf431-37f3-4a81-9e86-91efe1531ffb"", ""method"": ""GET"", ""path"": ""/api/user/alice"", ""status-code"": 201}"
94,2026-06-05T16:00:48.389Z,emailservice-1,"{""severity"": ""INFO"", ""event"": ""request"", ""request-id"": ""9ac0680a-8fc8-40e6-a86c-9cc9c35c0fcc"", ""method"": ""PUT"", ""path"": ""/api/user/alice"", ""status-code"": 404}"
95,2026-06-05T16:00:48.389Z,gateway-0,"{""severity"": ""INFO"", ""event"": ""request"", ""request-id"": ""678e0758-8fee-42a1-b6d1-b4a56d1cd466"", ""method"": ""POST"", ""path"": ""/api/user/john"", ""status-code"": 500}"
96,2026-06-05T16:00:48.424Z,gateway-1,"{""severity"": ""INFO"", ""event"": ""call"", ""request-id"": ""678e0758-8fee-42a1-b6d1-b4a56d1cd466"", ""target-service"": ""contentservice"", ""duration-ms"": 198}"
97,2026-06-05T16:00:48.506Z,contentservice-1,"{""severity"": ""INFO"", ""event"": ""request"", ""request-id"": ""678e0758-8fee-42a1-b6d1-b4a56d1cd466"", ""method"": ""DELETE"", ""path"": ""/api/user/john"", ""status-code"": 500}"
98,2026-06-05T16:00:48.547Z,contentservice-1,"{""severity"": ""ERROR"", ""event"": ""call"", ""request-id"": ""678e0758-8fee-42a1-b6d1-b4a56d1cd466"", ""target-service"": ""emailservice"", ""duration-ms"": 43}"
99,2026-06-05T16:00:48.618Z,emailservice-0,"{""severity"": ""ERROR"", ""event"": ""internal"", ""exception"": ""System.Data.DataException: Database query failed.""}"
100,2026-06-05T16:00:49.647Z,gateway-0,"{""severity"": ""INFO"", ""event"": ""call"", ""request-id"": ""435e017b-d1e9-42d8-8fcd-5376526fe010"", ""target-service"": ""contentservice"", ""duration-ms"": 156}"
101,2026-06-05T16:00:51.524Z,authservice-0,"{""severity"": ""INFO"", ""event"": ""request"", ""request-id"": ""93480ad7-ed41-4e25-969a-2c29a8c4cf65"", ""method"": ""GET"", ""path"": ""/api/auth/logout"", ""status-code"": 200}"
102,2026-06-05T16:00:52.827Z,contentservice-1,"{""severity"": ""INFO"", ""event"": ""call"", ""request-id"": ""a9c20aed-a7b5-428d-90bf-004a5271c8a3"", ""target-service"": ""emailservice"", ""duration-ms"": 81}"
103,2026-06-05T16:00:52.827Z,contentservice-0,"{""severity"": ""INFO"", ""event"": ""request"", ""request-id"": ""dd5dabd6-22f2-4d75-a3e7-37ae9d65cb18"", ""method"": ""PUT"", ""path"": ""/api/auth/logout"", ""status-code"": 400}"
104,2026-06-05T16:00:52.994Z,contentservice-0,"{""severity"": ""INFO"", ""event"": ""call"", ""request-id"": ""dd5dabd6-22f2-4d75-a3e7-37ae9d65cb18"", ""target-service"": ""emailservice"", ""duration-ms"": 21}"
105,2026-06-05T16:00:53.012Z,emailservice-1,"{""severity"": ""INFO"", ""event"": ""request"", ""request-id"": ""dd5dabd6-22f2-4d75-a3e7-37ae9d65cb18"", ""method"": ""POST"", ""path"": ""/api/auth/logout"", ""status-code"": 400}"
106,2026-06-05T16:00:53.762Z,userservice-1,"{""severity"": ""INFO"", ""event"": ""call"", ""request-id"": ""63147acb-b176-4bde-8630-29bae76d6cf5"", ""target-service"": ""emailservice"", ""duration-ms"": 269}"
107,2026-06-05T16:00:54.217Z,userservice-1,"{""severity"": ""INFO"", ""event"": ""call"", ""request-id"": ""6355e3a5-efc7-4c25-ab4b-aaa9c0b0da29"", ""target-service"": ""emailservice"", ""duration-ms"": 68}"
108,2026-06-05T16:00:54.745Z,emailservice-0,"{""severity"": ""ERROR"", ""event"": ""internal"", ""exception"": ""System.InvalidOperationException: Failed to load service configuration.""}"
109,2026-06-05T16:00:55.779Z,userservice-0,"{""severity"": ""WARNING"", ""event"": ""internal"", ""exception"": ""System.TimeoutException: Request processing is slower than expected.""}"
110,2026-06-05T16:00:55.779Z,gateway-1,"{""severity"": ""INFO"", ""event"": ""request"", ""request-id"": ""0530857f-dc95-474b-b1bb-1d46c2cf1a91"", ""method"": ""DELETE"", ""path"": ""/api/user/john"", ""status-code"": 403}"
111,2026-06-05T16:00:55.953Z,gateway-0,"{""severity"": ""ERROR"", ""event"": ""call"", ""request-id"": ""0530857f-dc95-474b-b1bb-1d46c2cf1a91"", ""target-service"": ""authservice"", ""duration-ms"": 105}"
112,2026-06-05T16:00:55.995Z,authservice-0,"{""severity"": ""ERROR"", ""event"": ""internal"", ""exception"": ""System.UnauthorizedAccessException: Access to protected resource is denied.""}"
113,2026-06-05T16:00:55.995Z,contentservice-0,"{""severity"": ""INFO"", ""event"": ""request"", ""request-id"": ""63348cb3-e13f-496d-a472-087cfb861892"", ""method"": ""GET"", ""path"": ""/api/content/notice"", ""status-code"": 200}"
114,2026-06-05T16:00:56.080Z,contentservice-1,"{""severity"": ""ERROR"", ""event"": ""call"", ""request-id"": ""63348cb3-e13f-496d-a472-087cfb861892"", ""target-service"": ""emailservice"", ""duration-ms"": 177}"
115,2026-06-05T16:00:56.164Z,emailservice-0,"{""severity"": ""ERROR"", ""event"": ""internal"", ""exception"": ""System.NullReferenceException: Object reference not set to an instance of an object.""}"
116,2026-06-05T16:00:56.164Z,userservice-0,"{""severity"": ""INFO"", ""event"": ""request"", ""request-id"": ""3f0803af-4816-4a0e-967a-3f8947503a76"", ""method"": ""DELETE"", ""path"": ""/api/user/alice"", ""status-code"": 403}"
117,2026-06-05T16:00:56.277Z,userservice-0,"{""severity"": ""ERROR"", ""event"": ""call"", ""request-id"": ""3f0803af-4816-4a0e-967a-3f8947503a76"", ""target-service"": ""emailservice"", ""duration-ms"": 20}"
118,2026-06-05T16:00:56.308Z,emailservice-0,"{""severity"": ""ERROR"", ""event"": ""internal"", ""exception"": ""System.UnauthorizedAccessException: Access to protected resource is denied.""}"
119,2026-06-05T16:00:56.308Z,contentservice-1,"{""severity"": ""INFO"", ""event"": ""request"", ""request-id"": ""f4c123b4-b965-4e12-8684-99e2be63f432"", ""method"": ""GET"", ""path"": ""/api/user/alice"", ""status-code"": 200}"
120,2026-06-05T16:00:56.411Z,contentservice-1,"{""severity"": ""INFO"", ""event"": ""call"", ""request-id"": ""f4c123b4-b965-4e12-8684-99e2be63f432"", ""target-service"": ""emailservice"", ""duration-ms"": 162}"
121,2026-06-05T16:00:56.505Z,emailservice-0,"{""severity"": ""INFO"", ""event"": ""request"", ""request-id"": ""f4c123b4-b965-4e12-8684-99e2be63f432"", ""method"": ""POST"", ""path"": ""/api/content/article"", ""status-code"": 200}"
122,2026-06-05T16:00:58.147Z,contentservice-0,"{""severity"": ""INFO"", ""event"": ""call"", ""request-id"": ""f91f80a6-5fc6-4612-b202-bcc8a1bb954d"", ""target-service"": ""emailservice"", ""duration-ms"": 134}"
123,2026-06-05T16:00:58.147Z,gateway-0,"{""severity"": ""INFO"", ""event"": ""request"", ""request-id"": ""a6efaa40-683d-4337-8c34-8f2b5362276c"", ""method"": ""DELETE"", ""path"": ""/api/user/john"", ""status-code"": 400}"
124,2026-06-05T16:00:58.221Z,gateway-0,"{""severity"": ""INFO"", ""event"": ""call"", ""request-id"": ""a6efaa40-683d-4337-8c34-8f2b5362276c"", ""target-service"": ""contentservice"", ""duration-ms"": 183}"
125,2026-06-05T16:00:58.275Z,contentservice-1,"{""severity"": ""INFO"", ""event"": ""request"", ""request-id"": ""a6efaa40-683d-4337-8c34-8f2b5362276c"", ""method"": ""GET"", ""path"": ""/api/content/notice"", ""status-code"": 204}"
126,2026-06-05T16:00:58.468Z,contentservice-1,"{""severity"": ""INFO"", ""event"": ""call"", ""request-id"": ""a6efaa40-683d-4337-8c34-8f2b5362276c"", ""target-service"": ""emailservice"", ""duration-ms"": 102}"
127,2026-06-05T16:00:58.521Z,emailservice-2,"{""severity"": ""INFO"", ""event"": ""request"", ""request-id"": ""a6efaa40-683d-4337-8c34-8f2b5362276c"", ""method"": ""GET"", ""path"": ""/api/user/alice"", ""status-code"": 200}"
128,2026-06-05T16:00:58.814Z,userservice-1,"{""severity"": ""INFO"", ""event"": ""call"", ""request-id"": ""fecf53e1-f95e-4142-9044-d0f613e26975"", ""target-service"": ""emailservice"", ""duration-ms"": 141}"
129,2026-06-05T16:00:58.814Z,userservice-1,"{""severity"": ""INFO"", ""event"": ""request"", ""request-id"": ""4dcd4b2d-982e-4dfe-8c12-a27db55e5e0d"", ""method"": ""GET"", ""path"": ""/api/content/notice"", ""status-code"": 200}"
130,2026-06-05T16:00:58.889Z,userservice-1,"{""severity"": ""ERROR"", ""event"": ""call"", ""request-id"": ""4dcd4b2d-982e-4dfe-8c12-a27db55e5e0d"", ""target-service"": ""authservice"", ""duration-ms"": 106}"
131,2026-06-05T16:00:58.950Z,authservice-2,"{""severity"": ""ERROR"", ""event"": ""internal"", ""exception"": ""System.UnauthorizedAccessException: Access to protected resource is denied.""}"
132,2026-06-05T16:00:58.950Z,contentservice-0,"{""severity"": ""INFO"", ""event"": ""request"", ""request-id"": ""165032d5-8cb4-4857-838e-0856567f19a4"", ""method"": ""POST"", ""path"": ""/api/auth/logout"", ""status-code"": 200}"
133,2026-06-05T16:00:59.054Z,contentservice-0,"{""severity"": ""INFO"", ""event"": ""call"", ""request-id"": ""165032d5-8cb4-4857-838e-0856567f19a4"", ""target-service"": ""emailservice"", ""duration-ms"": 95}"
134,2026-06-05T16:00:59.116Z,emailservice-1,"{""severity"": ""INFO"", ""event"": ""request"", ""request-id"": ""165032d5-8cb4-4857-838e-0856567f19a4"", ""method"": ""POST"", ""path"": ""/api/user/alice"", ""status-code"": 200}"
135,2026-06-05T16:01:01.062Z,userservice-0,"{""severity"": ""INFO"", ""event"": ""call"", ""request-id"": ""821d29a3-caca-49f5-9862-10821b76650f"", ""target-service"": ""authservice"", ""duration-ms"": 279}"
136,2026-06-05T16:01:01.062Z,userservice-0,"{""severity"": ""INFO"", ""event"": ""request"", ""request-id"": ""99a04444-25a2-486f-9e1f-468fc26aa329"", ""method"": ""GET"", ""path"": ""/api/user/alice"", ""status-code"": 201}"
137,2026-06-05T16:01:01.235Z,userservice-0,"{""severity"": ""ERROR"", ""event"": ""call"", ""request-id"": ""99a04444-25a2-486f-9e1f-468fc26aa329"", ""target-service"": ""emailservice"", ""duration-ms"": 228}"
138,2026-06-05T16:01:01.280Z,emailservice-0,"{""severity"": ""ERROR"", ""event"": ""internal"", ""exception"": ""System.NullReferenceException: Object reference not set to an instance of an object.""}"
139,2026-06-05T16:01:01.820Z,contentservice-0,"{""severity"": ""INFO"", ""event"": ""call"", ""request-id"": ""5aa2e35f-d483-4758-8c9d-40868298fc89"", ""target-service"": ""emailservice"", ""duration-ms"": 142}"
140,2026-06-05T16:01:03.461Z,userservice-1,"{""severity"": ""INFO"", ""event"": ""call"", ""request-id"": ""7420d62a-c268-41f3-a1d9-e7c9578d4902"", ""target-service"": ""authservice"", ""duration-ms"": 69}"
141,2026-06-05T16:01:03.569Z,contentservice-1,"{""severity"": ""INFO"", ""event"": ""call"", ""request-id"": ""377a4dde-557b-44f4-b15a-c732f5acd701"", ""target-service"": ""emailservice"", ""duration-ms"": 187}"
142,2026-06-05T16:01:03.569Z,userservice-1,"{""severity"": ""INFO"", ""event"": ""request"", ""request-id"": ""8a07e05e-cc0a-4ee4-b3aa-f3abf55f8177"", ""method"": ""DELETE"", ""path"": ""/api/auth/login"", ""status-code"": 404}"
143,2026-06-05T16:01:03.687Z,userservice-0,"{""severity"": ""INFO"", ""event"": ""call"", ""request-id"": ""8a07e05e-cc0a-4ee4-b3aa-f3abf55f8177"", ""target-service"": ""emailservice"", ""duration-ms"": 98}"
144,2026-06-05T16:01:03.715Z,emailservice-0,"{""severity"": ""INFO"", ""event"": ""request"", ""request-id"": ""8a07e05e-cc0a-4ee4-b3aa-f3abf55f8177"", ""method"": ""DELETE"", ""path"": ""/api/auth/login"", ""status-code"": 204}"
145,2026-06-05T16:01:04.551Z,contentservice-1,"{""severity"": ""INFO"", ""event"": ""request"", ""request-id"": ""02c67aa4-4ee5-402d-9267-70e31f9d270c"", ""method"": ""GET"", ""path"": ""/api/user/john"", ""status-code"": 200}"
146,2026-06-05T16:01:05.629Z,authservice-0,"{""severity"": ""INFO"", ""event"": ""request"", ""request-id"": ""262d76f0-a02b-4ff5-84d9-26a5da4bd3d7"", ""method"": ""POST"", ""path"": ""/api/content/notice"", ""status-code"": 400}"
147,2026-06-05T16:01:05.629Z,userservice-0,"{""severity"": ""INFO"", ""event"": ""request"", ""request-id"": ""a7130f37-1232-41e4-83ce-e0a8ca81b3a0"", ""method"": ""DELETE"", ""path"": ""/api/content/article"", ""status-code"": 201}"
148,2026-06-05T16:01:05.659Z,userservice-1,"{""severity"": ""ERROR"", ""event"": ""call"", ""request-id"": ""a7130f37-1232-41e4-83ce-e0a8ca81b3a0"", ""target-service"": ""emailservice"", ""duration-ms"": 33}"
149,2026-06-05T16:01:05.747Z,emailservice-0,"{""severity"": ""ERROR"", ""event"": ""internal"", ""exception"": ""System.UnauthorizedAccessException: Access to protected resource is denied.""}"
150,2026-06-05T16:01:07.684Z,userservice-1,"{""severity"": ""INFO"", ""event"": ""call"", ""request-id"": ""342b324a-c0a1-4117-9b6a-1a184304cd09"", ""target-service"": ""authservice"", ""duration-ms"": 76}"
151,2026-06-05T16:01:07.684Z,gateway-0,"{""severity"": ""INFO"", ""event"": ""request"", ""request-id"": ""295a53c5-ef7d-4433-9786-923139adf4e8"", ""method"": ""PUT"", ""path"": ""/api/user/alice"", ""status-code"": 500}"
152,2026-06-05T16:01:07.714Z,gateway-1,"{""severity"": ""INFO"", ""event"": ""call"", ""request-id"": ""295a53c5-ef7d-4433-9786-923139adf4e8"", ""target-service"": ""userservice"", ""duration-ms"": 108}"
153,2026-06-05T16:01:07.773Z,userservice-1,"{""severity"": ""INFO"", ""event"": ""request"", ""request-id"": ""295a53c5-ef7d-4433-9786-923139adf4e8"", ""method"": ""DELETE"", ""path"": ""/api/content/article"", ""status-code"": 200}"
154,2026-06-05T16:01:07.900Z,userservice-1,"{""severity"": ""INFO"", ""event"": ""call"", ""request-id"": ""295a53c5-ef7d-4433-9786-923139adf4e8"", ""target-service"": ""emailservice"", ""duration-ms"": 110}"
155,2026-06-05T16:01:07.928Z,emailservice-2,"{""severity"": ""INFO"", ""event"": ""request"", ""request-id"": ""295a53c5-ef7d-4433-9786-923139adf4e8"", ""method"": ""GET"", ""path"": ""/api/user/alice"", ""status-code"": 201}"
156,2026-06-05T16:01:08.262Z,contentservice-0,"{""severity"": ""INFO"", ""event"": ""call"", ""request-id"": ""a51165a7-65ae-4b76-ac20-65ec2c1d2bae"", ""target-service"": ""emailservice"", ""duration-ms"": 57}"
157,2026-06-05T16:01:08.262Z,gateway-0,"{""severity"": ""INFO"", ""event"": ""request"", ""request-id"": ""0f27c7ca-a737-400f-91de-2bf8688de660"", ""method"": ""GET"", ""path"": ""/api/auth/login"", ""status-code"": 200}"
158,2026-06-05T16:01:08.317Z,gateway-0,"{""severity"": ""ERROR"", ""event"": ""call"", ""request-id"": ""0f27c7ca-a737-400f-91de-2bf8688de660"", ""target-service"": ""authservice"", ""duration-ms"": 110}"
159,2026-06-05T16:01:08.350Z,authservice-1,"{""severity"": ""ERROR"", ""event"": ""internal"", ""exception"": ""System.Data.DataException: Database query failed.""}"
160,2026-06-05T16:01:09.574Z,emailservice-0,"{""severity"": ""WARNING"", ""event"": ""internal"", ""exception"": ""System.Net.Http.HttpRequestException: Remote service responded slowly.""}"
161,2026-06-05T16:01:11.077Z,contentservice-0,"{""severity"": ""INFO"", ""event"": ""call"", ""request-id"": ""f1afc173-d543-4652-9cb6-7b8aa60cabe5"", ""target-service"": ""emailservice"", ""duration-ms"": 82}"
162,2026-06-05T16:01:12.512Z,userservice-0,"{""severity"": ""INFO"", ""event"": ""request"", ""request-id"": ""16b3b7ae-9b70-4110-8909-11a66cea128f"", ""method"": ""POST"", ""path"": ""/api/user/john"", ""status-code"": 201}"
163,2026-06-05T16:01:14.483Z,emailservice-2,"{""severity"": ""WARNING"", ""event"": ""internal"", ""exception"": ""System.TimeoutException: Request processing is slower than expected.""}"
164,2026-06-05T16:01:14.483Z,userservice-0,"{""severity"": ""INFO"", ""event"": ""request"", ""request-id"": ""63733bf2-a111-4f09-8793-8d2e4121d08b"", ""method"": ""GET"", ""path"": ""/api/auth/login"", ""status-code"": 200}"
165,2026-06-05T16:01:14.491Z,userservice-1,"{""severity"": ""ERROR"", ""event"": ""call"", ""request-id"": ""63733bf2-a111-4f09-8793-8d2e4121d08b"", ""target-service"": ""authservice"", ""duration-ms"": 82}"
166,2026-06-05T16:01:14.563Z,authservice-2,"{""severity"": ""ERROR"", ""event"": ""internal"", ""exception"": ""System.InvalidOperationException: Failed to load service configuration.""}"
167,2026-06-05T16:01:15.367Z,contentservice-0,"{""severity"": ""INFO"", ""event"": ""request"", ""request-id"": ""976de5d4-769d-409a-be66-28ec02d5e63d"", ""method"": ""DELETE"", ""path"": ""/api/user/john"", ""status-code"": 200}"
168,2026-06-05T16:01:16.449Z,contentservice-1,"{""severity"": ""INFO"", ""event"": ""call"", ""request-id"": ""20941944-4ac3-4d61-bc9e-f2115c3d5e8b"", ""target-service"": ""emailservice"", ""duration-ms"": 206}"
169,2026-06-05T16:01:17.399Z,gateway-0,"{""severity"": ""INFO"", ""event"": ""call"", ""request-id"": ""557fd896-fbbb-4e1d-8e30-6bafc0656a81"", ""target-service"": ""userservice"", ""duration-ms"": 51}"
170,2026-06-05T16:01:17.399Z,contentservice-0,"{""severity"": ""INFO"", ""event"": ""request"", ""request-id"": ""fdc24465-521b-499d-a96f-e9c709d31988"", ""method"": ""PUT"", ""path"": ""/api/user/john"", ""status-code"": 400}"
171,2026-06-05T16:01:17.469Z,contentservice-0,"{""severity"": ""INFO"", ""event"": ""call"", ""request-id"": ""fdc24465-521b-499d-a96f-e9c709d31988"", ""target-service"": ""emailservice"", ""duration-ms"": 234}"
172,2026-06-05T16:01:17.537Z,emailservice-2,"{""severity"": ""INFO"", ""event"": ""request"", ""request-id"": ""fdc24465-521b-499d-a96f-e9c709d31988"", ""method"": ""GET"", ""path"": ""/api/content/article"", ""status-code"": 401}"
173,2026-06-05T16:01:17.579Z,userservice-0,"{""severity"": ""INFO"", ""event"": ""request"", ""request-id"": ""378b620a-8d37-4636-896e-f56a801dc0b8"", ""method"": ""DELETE"", ""path"": ""/api/user/alice"", ""status-code"": 401}"
174,2026-06-05T16:01:18.697Z,gateway-1,"{""severity"": ""INFO"", ""event"": ""call"", ""request-id"": ""1b4c835a-9aee-4a0b-b313-deb552b378ec"", ""target-service"": ""userservice"", ""duration-ms"": 99}"
175,2026-06-05T16:01:19.738Z,userservice-0,"{""severity"": ""INFO"", ""event"": ""request"", ""request-id"": ""2490f7b7-b8b4-4e60-bd22-b33f372556f9"", ""method"": ""POST"", ""path"": ""/api/user/john"", ""status-code"": 404}"
176,2026-06-05T16:01:19.738Z,gateway-1,"{""severity"": ""INFO"", ""event"": ""request"", ""request-id"": ""47791564-97be-4262-a65e-cd6aaccea409"", ""method"": ""PUT"", ""path"": ""/api/auth/logout"", ""status-code"": 204}"
177,2026-06-05T16:01:19.891Z,gateway-0,"{""severity"": ""INFO"", ""event"": ""call"", ""request-id"": ""47791564-97be-4262-a65e-cd6aaccea409"", ""target-service"": ""userservice"", ""duration-ms"": 200}"
178,2026-06-05T16:01:19.948Z,userservice-0,"{""severity"": ""INFO"", ""event"": ""request"", ""request-id"": ""47791564-97be-4262-a65e-cd6aaccea409"", ""method"": ""POST"", ""path"": ""/api/auth/logout"", ""status-code"": 403}"
179,2026-06-05T16:01:19.962Z,userservice-0,"{""severity"": ""INFO"", ""event"": ""call"", ""request-id"": ""47791564-97be-4262-a65e-cd6aaccea409"", ""target-service"": ""emailservice"", ""duration-ms"": 246}"
180,2026-06-05T16:01:20.017Z,emailservice-1,"{""severity"": ""INFO"", ""event"": ""request"", ""request-id"": ""47791564-97be-4262-a65e-cd6aaccea409"", ""method"": ""GET"", ""path"": ""/api/auth/login"", ""status-code"": 200}"
181,2026-06-05T16:01:21.757Z,emailservice-2,"{""severity"": ""INFO"", ""event"": ""request"", ""request-id"": ""cab52d2f-a2bb-4195-b2b8-3d1faadab65b"", ""method"": ""POST"", ""path"": ""/api/content/notice"", ""status-code"": 400}"
182,2026-06-05T16:01:22.021Z,gateway-0,"{""severity"": ""INFO"", ""event"": ""request"", ""request-id"": ""57490fbb-ced0-4446-bb77-0347c3977cd9"", ""method"": ""DELETE"", ""path"": ""/api/user/john"", ""status-code"": 401}"
183,2026-06-05T16:01:22.021Z,gateway-1,"{""severity"": ""INFO"", ""event"": ""request"", ""request-id"": ""c89e247a-8f5e-496a-8197-1e5d85d480f5"", ""method"": ""PUT"", ""path"": ""/api/auth/login"", ""status-code"": 200}"
184,2026-06-05T16:01:22.108Z,gateway-0,"{""severity"": ""INFO"", ""event"": ""call"", ""request-id"": ""c89e247a-8f5e-496a-8197-1e5d85d480f5"", ""target-service"": ""authservice"", ""duration-ms"": 210}"
185,2026-06-05T16:01:22.143Z,authservice-1,"{""severity"": ""INFO"", ""event"": ""request"", ""request-id"": ""c89e247a-8f5e-496a-8197-1e5d85d480f5"", ""method"": ""PUT"", ""path"": ""/api/user/john"", ""status-code"": 200}"
186,2026-06-05T16:01:22.143Z,userservice-1,"{""severity"": ""INFO"", ""event"": ""request"", ""request-id"": ""60d3802a-8de2-4b04-a504-7432b25f7a7d"", ""method"": ""POST"", ""path"": ""/api/auth/login"", ""status-code"": 500}"
187,2026-06-05T16:01:22.170Z,userservice-0,"{""severity"": ""INFO"", ""event"": ""call"", ""request-id"": ""60d3802a-8de2-4b04-a504-7432b25f7a7d"", ""target-service"": ""emailservice"", ""duration-ms"": 87}"
188,2026-06-05T16:01:22.198Z,emailservice-0,"{""severity"": ""INFO"", ""event"": ""request"", ""request-id"": ""60d3802a-8de2-4b04-a504-7432b25f7a7d"", ""method"": ""DELETE"", ""path"": ""/api/auth/login"", ""status-code"": 401}"
189,2026-06-05T16:01:22.757Z,contentservice-1,"{""severity"": ""INFO"", ""event"": ""request"", ""request-id"": ""012a961c-210c-4992-8646-f2a95433594f"", ""method"": ""POST"", ""path"": ""/api/auth/login"", ""status-code"": 401}"
190,2026-06-05T16:01:22.771Z,contentservice-1,"{""severity"": ""INFO"", ""event"": ""request"", ""request-id"": ""8984951c-f370-48c9-b6b1-0205a2f23774"", ""method"": ""GET"", ""path"": ""/api/content/notice"", ""status-code"": 201}"
191,2026-06-05T16:01:24.322Z,contentservice-1,"{""severity"": ""INFO"", ""event"": ""call"", ""request-id"": ""f03314d6-7305-4637-a759-984e37b8f931"", ""target-service"": ""emailservice"", ""duration-ms"": 30}"
192,2026-06-05T16:01:24.322Z,contentservice-0,"{""severity"": ""INFO"", ""event"": ""request"", ""request-id"": ""a6b69b1b-040f-4348-b1fc-b967388506fa"", ""method"": ""POST"", ""path"": ""/api/user/alice"", ""status-code"": 200}"
193,2026-06-05T16:01:24.455Z,contentservice-0,"{""severity"": ""ERROR"", ""event"": ""call"", ""request-id"": ""a6b69b1b-040f-4348-b1fc-b967388506fa"", ""target-service"": ""emailservice"", ""duration-ms"": 55}"
194,2026-06-05T16:01:24.517Z,emailservice-2,"{""severity"": ""ERROR"", ""event"": ""internal"", ""exception"": ""System.Data.DataException: Database query failed.""}"
195,2026-06-05T16:01:26.200Z,authservice-2,"{""severity"": ""INFO"", ""event"": ""request"", ""request-id"": ""ffb22688-0da9-4d7e-bbc0-b758ed570788"", ""method"": ""PUT"", ""path"": ""/api/content/article"", ""status-code"": 500}"
196,2026-06-05T16:01:26.748Z,authservice-0,"{""severity"": ""INFO"", ""event"": ""request"", ""request-id"": ""17981d6f-78f7-4d49-b193-1275eb340a63"", ""method"": ""DELETE"", ""path"": ""/api/user/john"", ""status-code"": 200}"
197,2026-06-05T16:01:27.187Z,gateway-0,"{""severity"": ""WARNING"", ""event"": ""internal"", ""exception"": ""System.IO.IOException: Temporary file cache is unavailable.""}"
198,2026-06-05T16:01:28.576Z,authservice-2,"{""severity"": ""INFO"", ""event"": ""request"", ""request-id"": ""c4ac2472-7aae-48fe-ab62-3131a97a7b6c"", ""method"": ""DELETE"", ""path"": ""/api/content/article"", ""status-code"": 404}"
199,2026-06-05T16:01:29.665Z,gateway-0,"{""severity"": ""WARNING"", ""event"": ""internal"", ""exception"": ""System.Net.Http.HttpRequestException: Remote service responded slowly.""}"
200,2026-06-05T16:01:31.151Z,authservice-0,"{""severity"": ""ERROR"", ""event"": ""internal"", ""exception"": ""System.NullReferenceException: Object reference not set to an instance of an object.""}"
201,2026-06-05T16:01:31.392Z,userservice-0,"{""severity"": ""INFO"", ""event"": ""call"", ""request-id"": ""2a482f99-f792-4257-ae9b-5bff39576928"", ""target-service"": ""authservice"", ""duration-ms"": 259}"
202,2026-06-05T16:01:31.706Z,authservice-2,"{""severity"": ""INFO"", ""event"": ""request"", ""request-id"": ""f27ce902-8943-4715-844b-88a1ebf5e204"", ""method"": ""PUT"", ""path"": ""/api/content/notice"", ""status-code"": 401}"
203,2026-06-05T16:01:31.847Z,contentservice-1,"{""severity"": ""INFO"", ""event"": ""call"", ""request-id"": ""ad95ad2d-1407-40c3-a389-bf459e7bdc2f"", ""target-service"": ""emailservice"", ""duration-ms"": 129}"
204,2026-06-05T16:01:31.928Z,userservice-1,"{""severity"": ""INFO"", ""event"": ""request"", ""request-id"": ""7ff44f6d-e1a6-4cef-b431-f3edac414c0a"", ""method"": ""PUT"", ""path"": ""/api/auth/login"", ""status-code"": 201}"
205,2026-06-05T16:01:33.011Z,userservice-0,"{""severity"": ""WARNING"", ""event"": ""internal"", ""exception"": ""System.TimeoutException: Request processing is slower than expected.""}"
206,2026-06-05T16:01:33.011Z,contentservice-1,"{""severity"": ""INFO"", ""event"": ""request"", ""request-id"": ""e11d3333-aa2d-4d31-819d-728341997cdf"", ""method"": ""DELETE"", ""path"": ""/api/content/notice"", ""status-code"": 200}"
207,2026-06-05T16:01:33.206Z,contentservice-1,"{""severity"": ""INFO"", ""event"": ""call"", ""request-id"": ""e11d3333-aa2d-4d31-819d-728341997cdf"", ""target-service"": ""emailservice"", ""duration-ms"": 6}"
208,2026-06-05T16:01:33.255Z,emailservice-1,"{""severity"": ""INFO"", ""event"": ""request"", ""request-id"": ""e11d3333-aa2d-4d31-819d-728341997cdf"", ""method"": ""POST"", ""path"": ""/api/content/notice"", ""status-code"": 400}"
209,2026-06-05T16:01:34.947Z,contentservice-1,"{""severity"": ""INFO"", ""event"": ""call"", ""request-id"": ""72b280fb-afbf-49e3-907d-b7356c72c4d8"", ""target-service"": ""emailservice"", ""duration-ms"": 123}"
210,2026-06-05T16:01:34.947Z,gateway-1,"{""severity"": ""INFO"", ""event"": ""request"", ""request-id"": ""eba237b9-257e-4a15-be3b-31018ce9d28b"", ""method"": ""GET"", ""path"": ""/api/content/notice"", ""status-code"": 204}"
211,2026-06-05T16:01:35.074Z,gateway-1,"{""severity"": ""INFO"", ""event"": ""call"", ""request-id"": ""eba237b9-257e-4a15-be3b-31018ce9d28b"", ""target-service"": ""contentservice"", ""duration-ms"": 19}"
212,2026-06-05T16:01:35.160Z,contentservice-0,"{""severity"": ""INFO"", ""event"": ""request"", ""request-id"": ""eba237b9-257e-4a15-be3b-31018ce9d28b"", ""method"": ""POST"", ""path"": ""/api/user/alice"", ""status-code"": 401}"
213,2026-06-05T16:01:35.281Z,contentservice-0,"{""severity"": ""INFO"", ""event"": ""call"", ""request-id"": ""eba237b9-257e-4a15-be3b-31018ce9d28b"", ""target-service"": ""emailservice"", ""duration-ms"": 12}"
214,2026-06-05T16:01:35.366Z,emailservice-1,"{""severity"": ""INFO"", ""event"": ""request"", ""request-id"": ""eba237b9-257e-4a15-be3b-31018ce9d28b"", ""method"": ""POST"", ""path"": ""/api/auth/logout"", ""status-code"": 200}"
215,2026-06-05T16:01:35.366Z,gateway-1,"{""severity"": ""INFO"", ""event"": ""request"", ""request-id"": ""6eac71d7-df3a-4617-b2e2-441649dd854f"", ""method"": ""GET"", ""path"": ""/api/user/john"", ""status-code"": 200}"
216,2026-06-05T16:01:35.462Z,gateway-1,"{""severity"": ""INFO"", ""event"": ""call"", ""request-id"": ""6eac71d7-df3a-4617-b2e2-441649dd854f"", ""target-service"": ""contentservice"", ""duration-ms"": 186}"
217,2026-06-05T16:01:35.508Z,contentservice-0,"{""severity"": ""INFO"", ""event"": ""request"", ""request-id"": ""6eac71d7-df3a-4617-b2e2-441649dd854f"", ""method"": ""PUT"", ""path"": ""/api/auth/logout"", ""status-code"": 204}"
218,2026-06-05T16:01:35.531Z,contentservice-1,"{""severity"": ""INFO"", ""event"": ""call"", ""request-id"": ""6eac71d7-df3a-4617-b2e2-441649dd854f"", ""target-service"": ""emailservice"", ""duration-ms"": 31}"
219,2026-06-05T16:01:35.613Z,emailservice-0,"{""severity"": ""INFO"", ""event"": ""request"", ""request-id"": ""6eac71d7-df3a-4617-b2e2-441649dd854f"", ""method"": ""GET"", ""path"": ""/api/user/john"", ""status-code"": 403}"
220,2026-06-05T16:01:35.814Z,contentservice-1,"{""severity"": ""WARNING"", ""event"": ""internal"", ""exception"": ""System.IO.IOException: Temporary file cache is unavailable.""}"
221,2026-06-05T16:01:37.038Z,emailservice-0,"{""severity"": ""INFO"", ""event"": ""request"", ""request-id"": ""4601d181-07bd-4b60-84b5-c4e9d56c2954"", ""method"": ""DELETE"", ""path"": ""/api/user/alice"", ""status-code"": 401}"
222,2026-06-05T16:01:37.093Z,userservice-1,"{""severity"": ""INFO"", ""event"": ""call"", ""request-id"": ""06de20e1-0a85-473f-8d1e-4b0f77f4dd7a"", ""target-service"": ""emailservice"", ""duration-ms"": 248}"
223,2026-06-05T16:01:37.279Z,contentservice-0,"{""severity"": ""INFO"", ""event"": ""request"", ""request-id"": ""5946a27f-ce3e-4de2-9ea4-44825decbb44"", ""method"": ""POST"", ""path"": ""/api/auth/logout"", ""status-code"": 200}"
224,2026-06-05T16:01:39.069Z,gateway-1,"{""severity"": ""INFO"", ""event"": ""call"", ""request-id"": ""4ce8b63b-dd89-4ffe-a68c-0d95c9cd9508"", ""target-service"": ""contentservice"", ""duration-ms"": 198}"
225,2026-06-05T16:01:39.069Z,gateway-1,"{""severity"": ""INFO"", ""event"": ""request"", ""request-id"": ""abc7b95b-d617-4d76-9a21-f0f7564ef279"", ""method"": ""POST"", ""path"": ""/api/user/john"", ""status-code"": 403}"
226,2026-06-05T16:01:39.197Z,gateway-0,"{""severity"": ""INFO"", ""event"": ""call"", ""request-id"": ""abc7b95b-d617-4d76-9a21-f0f7564ef279"", ""target-service"": ""authservice"", ""duration-ms"": 26}"
227,2026-06-05T16:01:39.262Z,authservice-2,"{""severity"": ""INFO"", ""event"": ""request"", ""request-id"": ""abc7b95b-d617-4d76-9a21-f0f7564ef279"", ""method"": ""GET"", ""path"": ""/api/user/john"", ""status-code"": 400}"
228,2026-06-05T16:01:40.916Z,gateway-1,"{""severity"": ""INFO"", ""event"": ""request"", ""request-id"": ""047905ab-455d-49f9-b5b3-d0fef486233c"", ""method"": ""POST"", ""path"": ""/api/user/alice"", ""status-code"": 200}"
229,2026-06-05T16:01:42.307Z,contentservice-0,"{""severity"": ""INFO"", ""event"": ""request"", ""request-id"": ""067a6aab-277d-461c-80ee-4f1a0ab7dae3"", ""method"": ""DELETE"", ""path"": ""/api/user/alice"", ""status-code"": 200}"
230,2026-06-05T16:01:43.424Z,contentservice-0,"{""severity"": ""INFO"", ""event"": ""request"", ""request-id"": ""cfd2394a-6e07-4b4e-8b36-f47a32a51e66"", ""method"": ""DELETE"", ""path"": ""/api/user/alice"", ""status-code"": 404}"
231,2026-06-05T16:01:43.424Z,userservice-0,"{""severity"": ""INFO"", ""event"": ""request"", ""request-id"": ""48c4404f-144c-44d7-820e-2a22ce8c1762"", ""method"": ""DELETE"", ""path"": ""/api/auth/login"", ""status-code"": 200}"
232,2026-06-05T16:01:43.474Z,userservice-0,"{""severity"": ""INFO"", ""event"": ""call"", ""request-id"": ""48c4404f-144c-44d7-820e-2a22ce8c1762"", ""target-service"": ""authservice"", ""duration-ms"": 18}"
233,2026-06-05T16:01:43.534Z,authservice-0,"{""severity"": ""INFO"", ""event"": ""request"", ""request-id"": ""48c4404f-144c-44d7-820e-2a22ce8c1762"", ""method"": ""POST"", ""path"": ""/api/content/article"", ""status-code"": 200}"
234,2026-06-05T16:01:43.534Z,contentservice-0,"{""severity"": ""INFO"", ""event"": ""request"", ""request-id"": ""e909144b-2d21-40b0-86b7-41bd4ef2058b"", ""method"": ""GET"", ""path"": ""/api/auth/login"", ""status-code"": 200}"
235,2026-06-05T16:01:43.647Z,contentservice-0,"{""severity"": ""INFO"", ""event"": ""call"", ""request-id"": ""e909144b-2d21-40b0-86b7-41bd4ef2058b"", ""target-service"": ""emailservice"", ""duration-ms"": 220}"
236,2026-06-05T16:01:43.669Z,emailservice-0,"{""severity"": ""INFO"", ""event"": ""request"", ""request-id"": ""e909144b-2d21-40b0-86b7-41bd4ef2058b"", ""method"": ""GET"", ""path"": ""/api/content/article"", ""status-code"": 403}"
237,2026-06-05T16:01:43.669Z,gateway-1,"{""severity"": ""INFO"", ""event"": ""request"", ""request-id"": ""1af4034f-86b0-4577-870f-f82b648081dd"", ""method"": ""DELETE"", ""path"": ""/api/auth/logout"", ""status-code"": 403}"
238,2026-06-05T16:01:43.697Z,gateway-0,"{""severity"": ""INFO"", ""event"": ""call"", ""request-id"": ""1af4034f-86b0-4577-870f-f82b648081dd"", ""target-service"": ""userservice"", ""duration-ms"": 204}"
239,2026-06-05T16:01:43.739Z,userservice-0,"{""severity"": ""INFO"", ""event"": ""request"", ""request-id"": ""1af4034f-86b0-4577-870f-f82b648081dd"", ""method"": ""PUT"", ""path"": ""/api/user/john"", ""status-code"": 400}"
240,2026-06-05T16:01:43.798Z,userservice-0,"{""severity"": ""INFO"", ""event"": ""call"", ""request-id"": ""1af4034f-86b0-4577-870f-f82b648081dd"", ""target-service"": ""authservice"", ""duration-ms"": 201}"
241,2026-06-05T16:01:43.824Z,authservice-0,"{""severity"": ""INFO"", ""event"": ""request"", ""request-id"": ""1af4034f-86b0-4577-870f-f82b648081dd"", ""method"": ""GET"", ""path"": ""/api/auth/logout"", ""status-code"": 500}"
242,2026-06-05T16:01:43.824Z,contentservice-0,"{""severity"": ""INFO"", ""event"": ""request"", ""request-id"": ""bf29a3d5-9779-46d4-83ca-8356a4545e80"", ""method"": ""PUT"", ""path"": ""/api/content/notice"", ""status-code"": 500}"
243,2026-06-05T16:01:43.872Z,contentservice-1,"{""severity"": ""ERROR"", ""event"": ""call"", ""request-id"": ""bf29a3d5-9779-46d4-83ca-8356a4545e80"", ""target-service"": ""emailservice"", ""duration-ms"": 12}"
244,2026-06-05T16:01:43.948Z,emailservice-0,"{""severity"": ""ERROR"", ""event"": ""internal"", ""exception"": ""System.InvalidOperationException: Failed to load service configuration.""}"
245,2026-06-05T16:01:43.948Z,contentservice-0,"{""severity"": ""INFO"", ""event"": ""request"", ""request-id"": ""223c516f-e3fd-44ed-94f6-4ac0e3a1bbc3"", ""method"": ""POST"", ""path"": ""/api/user/john"", ""status-code"": 200}"
246,2026-06-05T16:01:43.984Z,contentservice-1,"{""severity"": ""ERROR"", ""event"": ""call"", ""request-id"": ""223c516f-e3fd-44ed-94f6-4ac0e3a1bbc3"", ""target-service"": ""emailservice"", ""duration-ms"": 160}"
247,2026-06-05T16:01:43.999Z,emailservice-0,"{""severity"": ""ERROR"", ""event"": ""internal"", ""exception"": ""System.Data.DataException: Database query failed.""}"
248,2026-06-05T16:01:45.893Z,userservice-1,"{""severity"": ""INFO"", ""event"": ""call"", ""request-id"": ""759ceebd-ee48-4674-b1b5-99a6acc0097f"", ""target-service"": ""authservice"", ""duration-ms"": 264}"
249,2026-06-05T16:01:47.146Z,userservice-0,"{""severity"": ""INFO"", ""event"": ""call"", ""request-id"": ""c5afe580-41f4-42ab-9c7a-27aa9ffc881b"", ""target-service"": ""emailservice"", ""duration-ms"": 147}"
250,2026-06-05T16:01:48.795Z,authservice-0,"{""severity"": ""INFO"", ""event"": ""request"", ""request-id"": ""eaf7d649-09a5-4bec-96e2-033e57463813"", ""method"": ""GET"", ""path"": ""/api/user/john"", ""status-code"": 200}"
251,2026-06-05T16:01:50.331Z,authservice-1,"{""severity"": ""INFO"", ""event"": ""request"", ""request-id"": ""1adf298b-ff3b-471e-87cf-b33b29620d47"", ""method"": ""GET"", ""path"": ""/api/content/notice"", ""status-code"": 200}"
252,2026-06-05T16:01:50.331Z,contentservice-0,"{""severity"": ""INFO"", ""event"": ""request"", ""request-id"": ""0f577209-1466-41ef-bcb8-6eb2e51ba80c"", ""method"": ""DELETE"", ""path"": ""/api/user/alice"", ""status-code"": 404}"
253,2026-06-05T16:01:50.479Z,contentservice-1,"{""severity"": ""INFO"", ""event"": ""call"", ""request-id"": ""0f577209-1466-41ef-bcb8-6eb2e51ba80c"", ""target-service"": ""emailservice"", ""duration-ms"": 18}"
254,2026-06-05T16:01:50.513Z,emailservice-2,"{""severity"": ""INFO"", ""event"": ""request"", ""request-id"": ""0f577209-1466-41ef-bcb8-6eb2e51ba80c"", ""method"": ""POST"", ""path"": ""/api/content/article"", ""status-code"": 404}"
255,2026-06-05T16:01:51.036Z,contentservice-0,"{""severity"": ""INFO"", ""event"": ""call"", ""request-id"": ""f1199d01-9415-4d7c-822b-01915cd62dd1"", ""target-service"": ""emailservice"", ""duration-ms"": 95}"
256,2026-06-05T16:01:51.213Z,contentservice-1,"{""severity"": ""INFO"", ""event"": ""request"", ""request-id"": ""4a59c02d-2748-41ff-a5c6-8647a6a48380"", ""method"": ""PUT"", ""path"": ""/api/user/john"", ""status-code"": 201}"
257,2026-06-05T16:01:51.562Z,gateway-0,"{""severity"": ""ERROR"", ""event"": ""internal"", ""exception"": ""System.UnauthorizedAccessException: Access to protected resource is denied.""}"
258,2026-06-05T16:01:51.562Z,contentservice-0,"{""severity"": ""INFO"", ""event"": ""request"", ""request-id"": ""8486756a-1a93-4847-b72c-01e2922252df"", ""method"": ""GET"", ""path"": ""/api/auth/login"", ""status-code"": 201}"
259,2026-06-05T16:01:51.643Z,contentservice-1,"{""severity"": ""INFO"", ""event"": ""call"", ""request-id"": ""8486756a-1a93-4847-b72c-01e2922252df"", ""target-service"": ""emailservice"", ""duration-ms"": 193}"
260,2026-06-05T16:01:51.652Z,emailservice-2,"{""severity"": ""INFO"", ""event"": ""request"", ""request-id"": ""8486756a-1a93-4847-b72c-01e2922252df"", ""method"": ""PUT"", ""path"": ""/api/auth/login"", ""status-code"": 200}"
261,2026-06-05T16:01:53.043Z,userservice-0,"{""severity"": ""INFO"", ""event"": ""call"", ""request-id"": ""36f10d74-9226-480a-992b-4bad58742fe6"", ""target-service"": ""emailservice"", ""duration-ms"": 227}"
262,2026-06-05T16:01:53.299Z,contentservice-0,"{""severity"": ""ERROR"", ""event"": ""internal"", ""exception"": ""System.Data.DataException: Database query failed.""}"
263,2026-06-05T16:01:54.598Z,userservice-0,"{""severity"": ""INFO"", ""event"": ""request"", ""request-id"": ""6a300e12-a524-4cf1-a58e-86e85b1b5ca6"", ""method"": ""GET"", ""path"": ""/api/content/notice"", ""status-code"": 500}"
264,2026-06-05T16:01:56.230Z,emailservice-1,"{""severity"": ""INFO"", ""event"": ""request"", ""request-id"": ""41f48a5a-5e02-4daf-a9a1-b922dbd7eb89"", ""method"": ""PUT"", ""path"": ""/api/auth/login"", ""status-code"": 200}"
265,2026-06-05T16:01:56.523Z,authservice-2,"{""severity"": ""WARNING"", ""event"": ""internal"", ""exception"": ""System.TimeoutException: Request processing is slower than expected.""}"
266,2026-06-05T16:01:57.134Z,authservice-2,"{""severity"": ""INFO"", ""event"": ""request"", ""request-id"": ""53b63041-6ccd-407e-85d0-d5579bf2d8c5"", ""method"": ""GET"", ""path"": ""/api/user/john"", ""status-code"": 401}"
267,2026-06-05T16:01:57.134Z,contentservice-0,"{""severity"": ""INFO"", ""event"": ""request"", ""request-id"": ""8a13f712-bad0-46e1-bab8-d39522af4119"", ""method"": ""DELETE"", ""path"": ""/api/content/article"", ""status-code"": 403}"
268,2026-06-05T16:01:57.154Z,contentservice-1,"{""severity"": ""ERROR"", ""event"": ""call"", ""request-id"": ""8a13f712-bad0-46e1-bab8-d39522af4119"", ""target-service"": ""emailservice"", ""duration-ms"": 170}"
269,2026-06-05T16:01:57.221Z,emailservice-2,"{""severity"": ""ERROR"", ""event"": ""internal"", ""exception"": ""System.NullReferenceException: Object reference not set to an instance of an object.""}"
270,2026-06-05T16:01:57.926Z,userservice-1,"{""severity"": ""INFO"", ""event"": ""call"", ""request-id"": ""1201e992-8c4c-4329-98c8-e1e3d925978a"", ""target-service"": ""emailservice"", ""duration-ms"": 96}"
271,2026-06-05T16:01:58.498Z,gateway-1,"{""severity"": ""INFO"", ""event"": ""call"", ""request-id"": ""51229e1a-f7ae-40fb-a5f4-d807a6ba57a1"", ""target-service"": ""authservice"", ""duration-ms"": 228}"
272,2026-06-05T16:01:59.422Z,authservice-1,"{""severity"": ""WARNING"", ""event"": ""internal"", ""exception"": ""System.Net.Http.HttpRequestException: Remote service responded slowly.""}"
273,2026-06-05T16:01:59.422Z,contentservice-1,"{""severity"": ""INFO"", ""event"": ""request"", ""request-id"": ""7e71a6b4-ad90-4e33-8bc6-fe36d6d5fe00"", ""method"": ""DELETE"", ""path"": ""/api/user/john"", ""status-code"": 200}"
274,2026-06-05T16:01:59.454Z,contentservice-1,"{""severity"": ""INFO"", ""event"": ""call"", ""request-id"": ""7e71a6b4-ad90-4e33-8bc6-fe36d6d5fe00"", ""target-service"": ""emailservice"", ""duration-ms"": 231}"
275,2026-06-05T16:01:59.510Z,emailservice-1,"{""severity"": ""INFO"", ""event"": ""request"", ""request-id"": ""7e71a6b4-ad90-4e33-8bc6-fe36d6d5fe00"", ""method"": ""DELETE"", ""path"": ""/api/content/article"", ""status-code"": 403}"
276,2026-06-05T16:01:59.510Z,userservice-1,"{""severity"": ""INFO"", ""event"": ""request"", ""request-id"": ""4cf5d567-161a-4695-a757-c4bb71ccbcd4"", ""method"": ""GET"", ""path"": ""/api/auth/login"", ""status-code"": 200}"
277,2026-06-05T16:01:59.602Z,userservice-0,"{""severity"": ""ERROR"", ""event"": ""call"", ""request-id"": ""4cf5d567-161a-4695-a757-c4bb71ccbcd4"", ""target-service"": ""emailservice"", ""duration-ms"": 134}"
278,2026-06-05T16:01:59.670Z,emailservice-1,"{""severity"": ""ERROR"", ""event"": ""internal"", ""exception"": ""System.NullReferenceException: Object reference not set to an instance of an object.""}"
279,2026-06-05T16:01:59.670Z,gateway-0,"{""severity"": ""INFO"", ""event"": ""request"", ""request-id"": ""8ae8840f-243d-4e6d-8651-7c46a893a382"", ""method"": ""PUT"", ""path"": ""/api/user/john"", ""status-code"": 204}"
280,2026-06-05T16:01:59.801Z,gateway-0,"{""severity"": ""INFO"", ""event"": ""call"", ""request-id"": ""8ae8840f-243d-4e6d-8651-7c46a893a382"", ""target-service"": ""contentservice"", ""duration-ms"": 187}"
281,2026-06-05T16:01:59.844Z,contentservice-1,"{""severity"": ""INFO"", ""event"": ""request"", ""request-id"": ""8ae8840f-243d-4e6d-8651-7c46a893a382"", ""method"": ""GET"", ""path"": ""/api/auth/login"", ""status-code"": 200}"
282,2026-06-05T16:02:00.039Z,contentservice-1,"{""severity"": ""INFO"", ""event"": ""call"", ""request-id"": ""8ae8840f-243d-4e6d-8651-7c46a893a382"", ""target-service"": ""emailservice"", ""duration-ms"": 166}"
283,2026-06-05T16:02:00.133Z,emailservice-0,"{""severity"": ""INFO"", ""event"": ""request"", ""request-id"": ""8ae8840f-243d-4e6d-8651-7c46a893a382"", ""method"": ""GET"", ""path"": ""/api/auth/logout"", ""status-code"": 401}"
284,2026-06-05T16:02:01.798Z,emailservice-1,"{""severity"": ""INFO"", ""event"": ""request"", ""request-id"": ""b21f5147-11bd-470f-879a-aef7f446c4c3"", ""method"": ""DELETE"", ""path"": ""/api/user/alice"", ""status-code"": 200}"
285,2026-06-05T16:02:03.435Z,authservice-2,"{""severity"": ""ERROR"", ""event"": ""internal"", ""exception"": ""System.UnauthorizedAccessException: Access to protected resource is denied.""}"
286,2026-06-05T16:02:04.875Z,authservice-1,"{""severity"": ""INFO"", ""event"": ""request"", ""request-id"": ""d6c10267-a57a-4966-8be7-54bcb2d44495"", ""method"": ""POST"", ""path"": ""/api/user/john"", ""status-code"": 401}"
287,2026-06-05T16:02:04.875Z,userservice-0,"{""severity"": ""INFO"", ""event"": ""request"", ""request-id"": ""ee807bfb-3aa7-4916-bc76-7229ea9c587f"", ""method"": ""POST"", ""path"": ""/api/user/alice"", ""status-code"": 200}"
288,2026-06-05T16:02:04.883Z,userservice-1,"{""severity"": ""INFO"", ""event"": ""call"", ""request-id"": ""ee807bfb-3aa7-4916-bc76-7229ea9c587f"", ""target-service"": ""authservice"", ""duration-ms"": 149}"
289,2026-06-05T16:02:04.960Z,authservice-1,"{""severity"": ""INFO"", ""event"": ""request"", ""request-id"": ""ee807bfb-3aa7-4916-bc76-7229ea9c587f"", ""method"": ""DELETE"", ""path"": ""/api/auth/logout"", ""status-code"": 401}"
290,2026-06-05T16:02:06.550Z,contentservice-0,"{""severity"": ""INFO"", ""event"": ""call"", ""request-id"": ""352039fb-9abf-4555-a673-ed67d05b748f"", ""target-service"": ""emailservice"", ""duration-ms"": 88}"
291,2026-06-05T16:02:06.550Z,gateway-1,"{""severity"": ""INFO"", ""event"": ""request"", ""request-id"": ""efffd59c-6d6b-4ebf-9da9-525eedce336b"", ""method"": ""DELETE"", ""path"": ""/api/content/notice"", ""status-code"": 200}"
292,2026-06-05T16:02:06.582Z,gateway-1,"{""severity"": ""INFO"", ""event"": ""call"", ""request-id"": ""efffd59c-6d6b-4ebf-9da9-525eedce336b"", ""target-service"": ""contentservice"", ""duration-ms"": 66}"
293,2026-06-05T16:02:06.667Z,contentservice-1,"{""severity"": ""INFO"", ""event"": ""request"", ""request-id"": ""efffd59c-6d6b-4ebf-9da9-525eedce336b"", ""method"": ""GET"", ""path"": ""/api/auth/login"", ""status-code"": 400}"
294,2026-06-05T16:02:06.781Z,contentservice-1,"{""severity"": ""INFO"", ""event"": ""call"", ""request-id"": ""efffd59c-6d6b-4ebf-9da9-525eedce336b"", ""target-service"": ""emailservice"", ""duration-ms"": 22}"
295,2026-06-05T16:02:06.867Z,emailservice-2,"{""severity"": ""INFO"", ""event"": ""request"", ""request-id"": ""efffd59c-6d6b-4ebf-9da9-525eedce336b"", ""method"": ""PUT"", ""path"": ""/api/auth/logout"", ""status-code"": 201}"
296,2026-06-05T16:02:06.867Z,gateway-0,"{""severity"": ""INFO"", ""event"": ""request"", ""request-id"": ""a0a248b0-e194-4d48-b19d-a867ad72ce6e"", ""method"": ""GET"", ""path"": ""/api/user/john"", ""status-code"": 500}"
297,2026-06-05T16:02:07.047Z,gateway-1,"{""severity"": ""INFO"", ""event"": ""call"", ""request-id"": ""a0a248b0-e194-4d48-b19d-a867ad72ce6e"", ""target-service"": ""authservice"", ""duration-ms"": 17}"
298,2026-06-05T16:02:07.057Z,authservice-2,"{""severity"": ""INFO"", ""event"": ""request"", ""request-id"": ""a0a248b0-e194-4d48-b19d-a867ad72ce6e"", ""method"": ""DELETE"", ""path"": ""/api/content/notice"", ""status-code"": 204}"
299,2026-06-05T16:02:07.180Z,gateway-1,"{""severity"": ""INFO"", ""event"": ""call"", ""request-id"": ""98e315ef-7bc7-46c4-8b3c-a653aede9300"", ""target-service"": ""contentservice"", ""duration-ms"": 99}"
300,2026-06-05T16:02:07.449Z,emailservice-0,"{""severity"": ""INFO"", ""event"": ""request"", ""request-id"": ""9b6f8282-fbd7-447d-b0e2-9abe68e2cdfd"", ""method"": ""PUT"", ""path"": ""/api/content/notice"", ""status-code"": 200}"
301,2026-06-05T16:02:07.449Z,userservice-0,"{""severity"": ""INFO"", ""event"": ""request"", ""request-id"": ""96f167d3-3ceb-4a4a-9aea-3b4ddc4b39f4"", ""method"": ""DELETE"", ""path"": ""/api/auth/login"", ""status-code"": 500}"
302,2026-06-05T16:02:07.536Z,userservice-1,"{""severity"": ""ERROR"", ""event"": ""call"", ""request-id"": ""96f167d3-3ceb-4a4a-9aea-3b4ddc4b39f4"", ""target-service"": ""authservice"", ""duration-ms"": 218}"
303,2026-06-05T16:02:07.634Z,authservice-0,"{""severity"": ""ERROR"", ""event"": ""internal"", ""exception"": ""System.Data.DataException: Database query failed.""}"
304,2026-06-05T16:02:08.477Z,userservice-0,"{""severity"": ""INFO"", ""event"": ""call"", ""request-id"": ""3706ae7e-4f91-4e4a-858d-b267d6de9ab5"", ""target-service"": ""authservice"", ""duration-ms"": 197}"
305,2026-06-05T16:02:09.626Z,userservice-0,"{""severity"": ""INFO"", ""event"": ""request"", ""request-id"": ""add18af4-645a-4f98-8dcd-78afb6e82ceb"", ""method"": ""GET"", ""path"": ""/api/auth/login"", ""status-code"": 500}"
306,2026-06-05T16:02:09.940Z,gateway-0,"{""severity"": ""INFO"", ""event"": ""call"", ""request-id"": ""795ec8d5-1121-4357-85cb-70939ba6a8ac"", ""target-service"": ""userservice"", ""duration-ms"": 294}"
307,2026-06-05T16:02:11.416Z,contentservice-1,"{""severity"": ""ERROR"", ""event"": ""internal"", ""exception"": ""System.UnauthorizedAccessException: Access to protected resource is denied.""}"
308,2026-06-05T16:02:11.416Z,contentservice-1,"{""severity"": ""INFO"", ""event"": ""request"", ""request-id"": ""67355c89-6d5d-43b5-9aae-368b329e75bd"", ""method"": ""POST"", ""path"": ""/api/content/notice"", ""status-code"": 403}"
309,2026-06-05T16:02:11.510Z,contentservice-0,"{""severity"": ""INFO"", ""event"": ""call"", ""request-id"": ""67355c89-6d5d-43b5-9aae-368b329e75bd"", ""target-service"": ""emailservice"", ""duration-ms"": 75}"
310,2026-06-05T16:02:11.565Z,emailservice-0,"{""severity"": ""INFO"", ""event"": ""request"", ""request-id"": ""67355c89-6d5d-43b5-9aae-368b329e75bd"", ""method"": ""DELETE"", ""path"": ""/api/content/article"", ""status-code"": 204}"
311,2026-06-05T16:02:11.565Z,userservice-0,"{""severity"": ""INFO"", ""event"": ""request"", ""request-id"": ""74667a94-903b-4bfd-b4b7-7af08befc8b6"", ""method"": ""GET"", ""path"": ""/api/auth/login"", ""status-code"": 204}"
312,2026-06-05T16:02:11.715Z,userservice-1,"{""severity"": ""ERROR"", ""event"": ""call"", ""request-id"": ""74667a94-903b-4bfd-b4b7-7af08befc8b6"", ""target-service"": ""emailservice"", ""duration-ms"": 28}"
313,2026-06-05T16:02:11.756Z,emailservice-0,"{""severity"": ""ERROR"", ""event"": ""internal"", ""exception"": ""System.InvalidOperationException: Failed to load service configuration.""}"
314,2026-06-05T16:02:13.220Z,contentservice-0,"{""severity"": ""INFO"", ""event"": ""call"", ""request-id"": ""65c679cc-f11b-4b66-a387-73369e568220"", ""target-service"": ""emailservice"", ""duration-ms"": 99}"
315,2026-06-05T16:02:13.220Z,contentservice-1,"{""severity"": ""INFO"", ""event"": ""request"", ""request-id"": ""44351b12-317b-4c1c-8753-f5cb522c9d3e"", ""method"": ""PUT"", ""path"": ""/api/auth/logout"", ""status-code"": 204}"
316,2026-06-05T16:02:13.276Z,contentservice-0,"{""severity"": ""ERROR"", ""event"": ""call"", ""request-id"": ""44351b12-317b-4c1c-8753-f5cb522c9d3e"", ""target-service"": ""emailservice"", ""duration-ms"": 13}"
317,2026-06-05T16:02:13.324Z,emailservice-1,"{""severity"": ""ERROR"", ""event"": ""internal"", ""exception"": ""System.NullReferenceException: Object reference not set to an instance of an object.""}"
318,2026-06-05T16:02:15.032Z,gateway-1,"{""severity"": ""INFO"", ""event"": ""call"", ""request-id"": ""8a70c855-3a7f-4bd4-8565-4f249e4eccbf"", ""target-service"": ""userservice"", ""duration-ms"": 118}"
319,2026-06-05T16:02:15.032Z,gateway-0,"{""severity"": ""INFO"", ""event"": ""request"", ""request-id"": ""67037a1f-ecd4-4288-a96f-a52b4a87375b"", ""method"": ""GET"", ""path"": ""/api/content/article"", ""status-code"": 200}"
320,2026-06-05T16:02:15.133Z,gateway-1,"{""severity"": ""INFO"", ""event"": ""call"", ""request-id"": ""67037a1f-ecd4-4288-a96f-a52b4a87375b"", ""target-service"": ""contentservice"", ""duration-ms"": 21}"
321,2026-06-05T16:02:15.178Z,contentservice-0,"{""severity"": ""INFO"", ""event"": ""request"", ""request-id"": ""67037a1f-ecd4-4288-a96f-a52b4a87375b"", ""method"": ""GET"", ""path"": ""/api/content/notice"", ""status-code"": 201}"
322,2026-06-05T16:02:15.319Z,contentservice-0,"{""severity"": ""ERROR"", ""event"": ""call"", ""request-id"": ""67037a1f-ecd4-4288-a96f-a52b4a87375b"", ""target-service"": ""emailservice"", ""duration-ms"": 53}"
323,2026-06-05T16:02:15.381Z,emailservice-2,"{""severity"": ""ERROR"", ""event"": ""internal"", ""exception"": ""System.Data.DataException: Database query failed.""}"
324,2026-06-05T16:02:15.381Z,contentservice-1,"{""severity"": ""INFO"", ""event"": ""request"", ""request-id"": ""edbdcdc8-b032-4725-8f92-a192380a9994"", ""method"": ""POST"", ""path"": ""/api/content/article"", ""status-code"": 200}"
325,2026-06-05T16:02:15.386Z,contentservice-1,"{""severity"": ""INFO"", ""event"": ""call"", ""request-id"": ""edbdcdc8-b032-4725-8f92-a192380a9994"", ""target-service"": ""emailservice"", ""duration-ms"": 62}"
326,2026-06-05T16:02:15.450Z,emailservice-0,"{""severity"": ""INFO"", ""event"": ""request"", ""request-id"": ""edbdcdc8-b032-4725-8f92-a192380a9994"", ""method"": ""PUT"", ""path"": ""/api/auth/logout"", ""status-code"": 500}"
327,2026-06-05T16:02:17.010Z,authservice-0,"{""severity"": ""INFO"", ""event"": ""request"", ""request-id"": ""b20e4448-5d84-45b5-a3c8-b38451afbefd"", ""method"": ""POST"", ""path"": ""/api/content/notice"", ""status-code"": 401}"
328,2026-06-05T16:02:17.010Z,contentservice-0,"{""severity"": ""INFO"", ""event"": ""request"", ""request-id"": ""b60c60b1-02df-478f-8863-a2de6f94bcff"", ""method"": ""DELETE"", ""path"": ""/api/user/alice"", ""status-code"": 404}"
329,2026-06-05T16:02:17.103Z,contentservice-0,"{""severity"": ""ERROR"", ""event"": ""call"", ""request-id"": ""b60c60b1-02df-478f-8863-a2de6f94bcff"", ""target-service"": ""emailservice"", ""duration-ms"": 73}"
330,2026-06-05T16:02:17.130Z,emailservice-1,"{""severity"": ""ERROR"", ""event"": ""internal"", ""exception"": ""System.NullReferenceException: Object reference not set to an instance of an object.""}"
331,2026-06-05T16:02:17.537Z,contentservice-0,"{""severity"": ""INFO"", ""event"": ""call"", ""request-id"": ""b2ebb514-1beb-472f-9aad-9e707ff74fff"", ""target-service"": ""emailservice"", ""duration-ms"": 16}"
332,2026-06-05T16:02:17.948Z,emailservice-2,"{""severity"": ""ERROR"", ""event"": ""internal"", ""exception"": ""System.InvalidOperationException: Failed to load service configuration.""}"
333,2026-06-05T16:02:18.237Z,userservice-1,"{""severity"": ""INFO"", ""event"": ""call"", ""request-id"": ""6a9826d2-f814-45a5-8ee1-a5799f9a0bc4"", ""target-service"": ""authservice"", ""duration-ms"": 50}"
334,2026-06-05T16:02:19.687Z,userservice-1,"{""severity"": ""INFO"", ""event"": ""call"", ""request-id"": ""bdc7c68f-33bf-4d2b-8eff-6103b906f1b5"", ""target-service"": ""emailservice"", ""duration-ms"": 134}"
335,2026-06-05T16:02:21.054Z,contentservice-1,"{""severity"": ""INFO"", ""event"": ""call"", ""request-id"": ""77fc675c-6270-42e4-9f34-19abfc4f2507"", ""target-service"": ""emailservice"", ""duration-ms"": 74}"
336,2026-06-05T16:02:21.054Z,userservice-0,"{""severity"": ""INFO"", ""event"": ""request"", ""request-id"": ""c7971ffc-ff1b-4079-90b5-65c6f1801a29"", ""method"": ""DELETE"", ""path"": ""/api/auth/login"", ""status-code"": 204}"
337,2026-06-05T16:02:21.149Z,userservice-1,"{""severity"": ""ERROR"", ""event"": ""call"", ""request-id"": ""c7971ffc-ff1b-4079-90b5-65c6f1801a29"", ""target-service"": ""emailservice"", ""duration-ms"": 195}"
338,2026-06-05T16:02:21.246Z,emailservice-2,"{""severity"": ""ERROR"", ""event"": ""internal"", ""exception"": ""System.Data.DataException: Database query failed.""}"
339,2026-06-05T16:02:21.246Z,contentservice-0,"{""severity"": ""INFO"", ""event"": ""request"", ""request-id"": ""ca99c921-7918-45a9-b680-e573e16a3b8a"", ""method"": ""POST"", ""path"": ""/api/auth/login"", ""status-code"": 401}"
340,2026-06-05T16:02:21.407Z,contentservice-0,"{""severity"": ""ERROR"", ""event"": ""call"", ""request-id"": ""ca99c921-7918-45a9-b680-e573e16a3b8a"", ""target-service"": ""emailservice"", ""duration-ms"": 89}"
341,2026-06-05T16:02:21.457Z,emailservice-2,"{""severity"": ""ERROR"", ""event"": ""internal"", ""exception"": ""System.NullReferenceException: Object reference not set to an instance of an object.""}"
342,2026-06-05T16:02:21.905Z,gateway-0,"{""severity"": ""INFO"", ""event"": ""call"", ""request-id"": ""ae618043-de0a-4de9-a068-de41971168a8"", ""target-service"": ""contentservice"", ""duration-ms"": 29}"
343,2026-06-05T16:02:23.407Z,gateway-0,"{""severity"": ""INFO"", ""event"": ""call"", ""request-id"": ""a08b373f-3ac0-447d-a7d5-f4c5517fbeae"", ""target-service"": ""authservice"", ""duration-ms"": 213}"
344,2026-06-05T16:02:24.460Z,userservice-0,"{""severity"": ""INFO"", ""event"": ""call"", ""request-id"": ""51546d0c-dacc-4e4d-864c-215e3e3fb637"", ""target-service"": ""emailservice"", ""duration-ms"": 91}"
345,2026-06-05T16:02:25.716Z,userservice-0,"{""severity"": ""INFO"", ""event"": ""call"", ""request-id"": ""9c5c0e92-1491-4ba0-80d0-81cfaa35ee43"", ""target-service"": ""authservice"", ""duration-ms"": 114}"
346,2026-06-05T16:02:27.611Z,authservice-1,"{""severity"": ""INFO"", ""event"": ""request"", ""request-id"": ""1cba57af-03f6-475d-8ff4-a8a56263d9af"", ""method"": ""PUT"", ""path"": ""/api/content/notice"", ""status-code"": 200}"
347,2026-06-05T16:02:27.611Z,gateway-0,"{""severity"": ""INFO"", ""event"": ""request"", ""request-id"": ""b488d9e5-bc75-4e3f-80d3-53b095a97ed2"", ""method"": ""PUT"", ""path"": ""/api/user/alice"", ""status-code"": 401}"
348,2026-06-05T16:02:27.725Z,gateway-0,"{""severity"": ""INFO"", ""event"": ""call"", ""request-id"": ""b488d9e5-bc75-4e3f-80d3-53b095a97ed2"", ""target-service"": ""userservice"", ""duration-ms"": 227}"
349,2026-06-05T16:02:27.734Z,userservice-1,"{""severity"": ""INFO"", ""event"": ""request"", ""request-id"": ""b488d9e5-bc75-4e3f-80d3-53b095a97ed2"", ""method"": ""PUT"", ""path"": ""/api/auth/login"", ""status-code"": 200}"
350,2026-06-05T16:02:27.758Z,userservice-0,"{""severity"": ""INFO"", ""event"": ""call"", ""request-id"": ""b488d9e5-bc75-4e3f-80d3-53b095a97ed2"", ""target-service"": ""authservice"", ""duration-ms"": 91}"
351,2026-06-05T16:02:27.804Z,authservice-0,"{""severity"": ""INFO"", ""event"": ""request"", ""request-id"": ""b488d9e5-bc75-4e3f-80d3-53b095a97ed2"", ""method"": ""PUT"", ""path"": ""/api/content/notice"", ""status-code"": 200}"
352,2026-06-05T16:02:29.511Z,userservice-1,"{""severity"": ""INFO"", ""event"": ""request"", ""request-id"": ""b6c56ae4-ebc6-46a9-bf05-b6da8cd89efa"", ""method"": ""PUT"", ""path"": ""/api/user/john"", ""status-code"": 500}"
353,2026-06-05T16:02:30.982Z,userservice-0,"{""severity"": ""INFO"", ""event"": ""request"", ""request-id"": ""20dc1ee2-536d-4a3d-a262-c0c7d457d7c2"", ""method"": ""POST"", ""path"": ""/api/content/notice"", ""status-code"": 204}"
354,2026-06-05T16:02:32.357Z,contentservice-1,"{""severity"": ""INFO"", ""event"": ""request"", ""request-id"": ""637d7f8b-572a-4479-934a-11eddbe9984f"", ""method"": ""POST"", ""path"": ""/api/auth/logout"", ""status-code"": 200}"
355,2026-06-05T16:02:33.371Z,userservice-0,"{""severity"": ""INFO"", ""event"": ""request"", ""request-id"": ""0967d55d-0dd6-4491-8945-19f36de50a3b"", ""method"": ""GET"", ""path"": ""/api/auth/logout"", ""status-code"": 403}"
356,2026-06-05T16:02:33.522Z,userservice-0,"{""severity"": ""INFO"", ""event"": ""call"", ""request-id"": ""209f8be8-ddf7-4f4c-b46e-fc81879a7453"", ""target-service"": ""authservice"", ""duration-ms"": 223}"
357,2026-06-05T16:02:33.522Z,gateway-1,"{""severity"": ""INFO"", ""event"": ""request"", ""request-id"": ""d20797ef-0179-4d43-b0b8-d2d0b087ca62"", ""method"": ""DELETE"", ""path"": ""/api/auth/login"", ""status-code"": 404}"
358,2026-06-05T16:02:33.578Z,gateway-0,"{""severity"": ""INFO"", ""event"": ""call"", ""request-id"": ""d20797ef-0179-4d43-b0b8-d2d0b087ca62"", ""target-service"": ""userservice"", ""duration-ms"": 192}"
359,2026-06-05T16:02:33.641Z,userservice-1,"{""severity"": ""INFO"", ""event"": ""request"", ""request-id"": ""d20797ef-0179-4d43-b0b8-d2d0b087ca62"", ""method"": ""PUT"", ""path"": ""/api/user/alice"", ""status-code"": 200}"
360,2026-06-05T16:02:33.829Z,userservice-0,"{""severity"": ""INFO"", ""event"": ""call"", ""request-id"": ""d20797ef-0179-4d43-b0b8-d2d0b087ca62"", ""target-service"": ""authservice"", ""duration-ms"": 6}"
361,2026-06-05T16:02:33.834Z,authservice-2,"{""severity"": ""INFO"", ""event"": ""request"", ""request-id"": ""d20797ef-0179-4d43-b0b8-d2d0b087ca62"", ""method"": ""GET"", ""path"": ""/api/content/notice"", ""status-code"": 200}"
362,2026-06-05T16:02:34.857Z,gateway-1,"{""severity"": ""INFO"", ""event"": ""request"", ""request-id"": ""c4e4a120-1124-4057-a7d8-cebd6b6b8335"", ""method"": ""PUT"", ""path"": ""/api/content/notice"", ""status-code"": 204}"
363,2026-06-05T16:02:34.857Z,gateway-1,"{""severity"": ""INFO"", ""event"": ""request"", ""request-id"": ""391c2c88-d005-441f-8093-7a2f1996dfbb"", ""method"": ""POST"", ""path"": ""/api/auth/logout"", ""status-code"": 403}"
364,2026-06-05T16:02:35.046Z,gateway-1,"{""severity"": ""INFO"", ""event"": ""call"", ""request-id"": ""391c2c88-d005-441f-8093-7a2f1996dfbb"", ""target-service"": ""userservice"", ""duration-ms"": 143}"
365,2026-06-05T16:02:35.124Z,userservice-1,"{""severity"": ""INFO"", ""event"": ""request"", ""request-id"": ""391c2c88-d005-441f-8093-7a2f1996dfbb"", ""method"": ""GET"", ""path"": ""/api/content/notice"", ""status-code"": 204}"
366,2026-06-05T16:02:35.140Z,userservice-1,"{""severity"": ""INFO"", ""event"": ""call"", ""request-id"": ""391c2c88-d005-441f-8093-7a2f1996dfbb"", ""target-service"": ""emailservice"", ""duration-ms"": 225}"
367,2026-06-05T16:02:35.232Z,emailservice-2,"{""severity"": ""INFO"", ""event"": ""request"", ""request-id"": ""391c2c88-d005-441f-8093-7a2f1996dfbb"", ""method"": ""POST"", ""path"": ""/api/user/john"", ""status-code"": 204}"
368,2026-06-05T16:02:36.806Z,authservice-1,"{""severity"": ""WARNING"", ""event"": ""internal"", ""exception"": ""System.IO.IOException: Temporary file cache is unavailable.""}"
369,2026-06-05T16:02:37.803Z,gateway-0,"{""severity"": ""INFO"", ""event"": ""request"", ""request-id"": ""5a47c655-275f-4022-a376-a93a2b0f0728"", ""method"": ""GET"", ""path"": ""/api/user/john"", ""status-code"": 403}"
370,2026-06-05T16:02:38.901Z,contentservice-1,"{""severity"": ""INFO"", ""event"": ""call"", ""request-id"": ""4132e377-174b-4743-b3aa-53fcc56d4431"", ""target-service"": ""emailservice"", ""duration-ms"": 39}"
371,2026-06-05T16:02:38.901Z,contentservice-1,"{""severity"": ""INFO"", ""event"": ""request"", ""request-id"": ""b4561a31-ca3a-4209-86cf-a2e7b20b09a1"", ""method"": ""POST"", ""path"": ""/api/auth/logout"", ""status-code"": 403}"
372,2026-06-05T16:02:39.040Z,contentservice-0,"{""severity"": ""INFO"", ""event"": ""call"", ""request-id"": ""b4561a31-ca3a-4209-86cf-a2e7b20b09a1"", ""target-service"": ""emailservice"", ""duration-ms"": 244}"
373,2026-06-05T16:02:39.060Z,emailservice-0,"{""severity"": ""INFO"", ""event"": ""request"", ""request-id"": ""b4561a31-ca3a-4209-86cf-a2e7b20b09a1"", ""method"": ""PUT"", ""path"": ""/api/user/john"", ""status-code"": 200}"
374,2026-06-05T16:02:39.060Z,contentservice-0,"{""severity"": ""INFO"", ""event"": ""request"", ""request-id"": ""804e6500-323c-4115-bcd9-3de3acd87d02"", ""method"": ""PUT"", ""path"": ""/api/user/alice"", ""status-code"": 200}"
375,2026-06-05T16:02:39.179Z,contentservice-1,"{""severity"": ""INFO"", ""event"": ""call"", ""request-id"": ""804e6500-323c-4115-bcd9-3de3acd87d02"", ""target-service"": ""emailservice"", ""duration-ms"": 87}"
376,2026-06-05T16:02:39.278Z,emailservice-2,"{""severity"": ""INFO"", ""event"": ""request"", ""request-id"": ""804e6500-323c-4115-bcd9-3de3acd87d02"", ""method"": ""PUT"", ""path"": ""/api/user/alice"", ""status-code"": 201}"
377,2026-06-05T16:02:39.278Z,userservice-0,"{""severity"": ""INFO"", ""event"": ""request"", ""request-id"": ""b0c65d6f-e78d-456e-bbbe-7b438ae6ee0e"", ""method"": ""GET"", ""path"": ""/api/user/alice"", ""status-code"": 200}"
378,2026-06-05T16:02:39.412Z,userservice-1,"{""severity"": ""ERROR"", ""event"": ""call"", ""request-id"": ""b0c65d6f-e78d-456e-bbbe-7b438ae6ee0e"", ""target-service"": ""authservice"", ""duration-ms"": 221}"
379,2026-06-05T16:02:39.464Z,authservice-1,"{""severity"": ""ERROR"", ""event"": ""internal"", ""exception"": ""System.UnauthorizedAccessException: Access to protected resource is denied.""}"
380,2026-06-05T16:02:39.998Z,contentservice-0,"{""severity"": ""WARNING"", ""event"": ""internal"", ""exception"": ""System.IO.IOException: Temporary file cache is unavailable.""}"
381,2026-06-05T16:02:41.509Z,authservice-2,"{""severity"": ""ERROR"", ""event"": ""internal"", ""exception"": ""System.InvalidOperationException: Failed to load service configuration.""}"
382,2026-06-05T16:02:41.509Z,contentservice-1,"{""severity"": ""INFO"", ""event"": ""request"", ""request-id"": ""6927e7d2-3a32-4c5c-b161-bb6209df54e3"", ""method"": ""GET"", ""path"": ""/api/content/article"", ""status-code"": 204}"
383,2026-06-05T16:02:41.528Z,contentservice-1,"{""severity"": ""INFO"", ""event"": ""call"", ""request-id"": ""6927e7d2-3a32-4c5c-b161-bb6209df54e3"", ""target-service"": ""emailservice"", ""duration-ms"": 75}"
384,2026-06-05T16:02:41.600Z,emailservice-1,"{""severity"": ""INFO"", ""event"": ""request"", ""request-id"": ""6927e7d2-3a32-4c5c-b161-bb6209df54e3"", ""method"": ""DELETE"", ""path"": ""/api/auth/login"", ""status-code"": 200}"
385,2026-06-05T16:02:41.600Z,userservice-0,"{""severity"": ""INFO"", ""event"": ""request"", ""request-id"": ""4adc4083-88c5-44db-9fa4-49f62f11a40f"", ""method"": ""PUT"", ""path"": ""/api/user/alice"", ""status-code"": 500}"
386,2026-06-05T16:02:41.701Z,userservice-1,"{""severity"": ""INFO"", ""event"": ""call"", ""request-id"": ""4adc4083-88c5-44db-9fa4-49f62f11a40f"", ""target-service"": ""emailservice"", ""duration-ms"": 128}"
387,2026-06-05T16:02:41.708Z,emailservice-0,"{""severity"": ""INFO"", ""event"": ""request"", ""request-id"": ""4adc4083-88c5-44db-9fa4-49f62f11a40f"", ""method"": ""PUT"", ""path"": ""/api/content/notice"", ""status-code"": 204}"
388,2026-06-05T16:02:41.708Z,userservice-0,"{""severity"": ""INFO"", ""event"": ""request"", ""request-id"": ""17775af7-67f2-4c8d-bab2-58a70f1ef04f"", ""method"": ""DELETE"", ""path"": ""/api/user/alice"", ""status-code"": 400}"
389,2026-06-05T16:02:41.807Z,userservice-1,"{""severity"": ""ERROR"", ""event"": ""call"", ""request-id"": ""17775af7-67f2-4c8d-bab2-58a70f1ef04f"", ""target-service"": ""authservice"", ""duration-ms"": 46}"
390,2026-06-05T16:02:41.880Z,authservice-0,"{""severity"": ""ERROR"", ""event"": ""internal"", ""exception"": ""System.UnauthorizedAccessException: Access to protected resource is denied.""}"
391,2026-06-05T16:02:41.880Z,gateway-1,"{""severity"": ""INFO"", ""event"": ""request"", ""request-id"": ""275e8c87-4037-48df-8556-1ccce1b3c609"", ""method"": ""GET"", ""path"": ""/api/user/alice"", ""status-code"": 200}"
392,2026-06-05T16:02:42.006Z,gateway-0,"{""severity"": ""INFO"", ""event"": ""call"", ""request-id"": ""275e8c87-4037-48df-8556-1ccce1b3c609"", ""target-service"": ""contentservice"", ""duration-ms"": 168}"
393,2026-06-05T16:02:42.030Z,contentservice-1,"{""severity"": ""INFO"", ""event"": ""request"", ""request-id"": ""275e8c87-4037-48df-8556-1ccce1b3c609"", ""method"": ""DELETE"", ""path"": ""/api/auth/logout"", ""status-code"": 201}"
394,2026-06-05T16:02:42.156Z,contentservice-0,"{""severity"": ""INFO"", ""event"": ""call"", ""request-id"": ""275e8c87-4037-48df-8556-1ccce1b3c609"", ""target-service"": ""emailservice"", ""duration-ms"": 37}"
395,2026-06-05T16:02:42.189Z,emailservice-1,"{""severity"": ""INFO"", ""event"": ""request"", ""request-id"": ""275e8c87-4037-48df-8556-1ccce1b3c609"", ""method"": ""DELETE"", ""path"": ""/api/auth/logout"", ""status-code"": 401}"
396,2026-06-05T16:02:42.189Z,contentservice-1,"{""severity"": ""INFO"", ""event"": ""request"", ""request-id"": ""4ff3aef8-8dad-4b9d-8c24-25003be42b68"", ""method"": ""PUT"", ""path"": ""/api/auth/logout"", ""status-code"": 500}"
397,2026-06-05T16:02:42.377Z,contentservice-1,"{""severity"": ""INFO"", ""event"": ""call"", ""request-id"": ""4ff3aef8-8dad-4b9d-8c24-25003be42b68"", ""target-service"": ""emailservice"", ""duration-ms"": 131}"
398,2026-06-05T16:02:42.396Z,emailservice-1,"{""severity"": ""INFO"", ""event"": ""request"", ""request-id"": ""4ff3aef8-8dad-4b9d-8c24-25003be42b68"", ""method"": ""DELETE"", ""path"": ""/api/auth/logout"", ""status-code"": 403}"
399,2026-06-05T16:02:42.396Z,userservice-1,"{""severity"": ""INFO"", ""event"": ""request"", ""request-id"": ""e6218cd9-6b9e-4f97-8d8e-2d617366faa0"", ""method"": ""DELETE"", ""path"": ""/api/content/notice"", ""status-code"": 200}"
400,2026-06-05T16:02:42.483Z,userservice-1,"{""severity"": ""ERROR"", ""event"": ""call"", ""request-id"": ""e6218cd9-6b9e-4f97-8d8e-2d617366faa0"", ""target-service"": ""authservice"", ""duration-ms"": 99}"
401,2026-06-05T16:02:42.549Z,authservice-0,"{""severity"": ""ERROR"", ""event"": ""internal"", ""exception"": ""System.InvalidOperationException: Failed to load service configuration.""}"
402,2026-06-05T16:02:43.189Z,authservice-2,"{""severity"": ""ERROR"", ""event"": ""internal"", ""exception"": ""System.InvalidOperationException: Failed to load service configuration.""}"
403,2026-06-05T16:02:43.580Z,contentservice-0,"{""severity"": ""INFO"", ""event"": ""call"", ""request-id"": ""23276463-cdb9-4066-a61e-75aea221a212"", ""target-service"": ""emailservice"", ""duration-ms"": 62}"
404,2026-06-05T16:02:43.580Z,gateway-0,"{""severity"": ""INFO"", ""event"": ""request"", ""request-id"": ""2c6f6694-f481-47a8-9915-984fd154dd12"", ""method"": ""PUT"", ""path"": ""/api/content/article"", ""status-code"": 401}"
405,2026-06-05T16:02:43.664Z,gateway-0,"{""severity"": ""INFO"", ""event"": ""call"", ""request-id"": ""2c6f6694-f481-47a8-9915-984fd154dd12"", ""target-service"": ""contentservice"", ""duration-ms"": 221}"
406,2026-06-05T16:02:43.687Z,contentservice-0,"{""severity"": ""INFO"", ""event"": ""request"", ""request-id"": ""2c6f6694-f481-47a8-9915-984fd154dd12"", ""method"": ""PUT"", ""path"": ""/api/content/article"", ""status-code"": 201}"
407,2026-06-05T16:02:43.747Z,contentservice-0,"{""severity"": ""ERROR"", ""event"": ""call"", ""request-id"": ""2c6f6694-f481-47a8-9915-984fd154dd12"", ""target-service"": ""emailservice"", ""duration-ms"": 9}"
408,2026-06-05T16:02:43.817Z,emailservice-1,"{""severity"": ""ERROR"", ""event"": ""internal"", ""exception"": ""System.Data.DataException: Database query failed.""}"
409,2026-06-05T16:02:43.817Z,contentservice-1,"{""severity"": ""INFO"", ""event"": ""request"", ""request-id"": ""73ab557f-7db2-430c-b350-a75fbbf05de1"", ""method"": ""DELETE"", ""path"": ""/api/user/alice"", ""status-code"": 400}"
410,2026-06-05T16:02:43.869Z,contentservice-0,"{""severity"": ""ERROR"", ""event"": ""call"", ""request-id"": ""73ab557f-7db2-430c-b350-a75fbbf05de1"", ""target-service"": ""emailservice"", ""duration-ms"": 182}"
411,2026-06-05T16:02:43.887Z,emailservice-0,"{""severity"": ""ERROR"", ""event"": ""internal"", ""exception"": ""System.UnauthorizedAccessException: Access to protected resource is denied.""}"
412,2026-06-05T16:02:43.887Z,contentservice-1,"{""severity"": ""INFO"", ""event"": ""request"", ""request-id"": ""0fd9f5ab-6110-4310-bafe-f52af32ef735"", ""method"": ""GET"", ""path"": ""/api/content/notice"", ""status-code"": 404}"
413,2026-06-05T16:02:43.914Z,contentservice-0,"{""severity"": ""INFO"", ""event"": ""call"", ""request-id"": ""0fd9f5ab-6110-4310-bafe-f52af32ef735"", ""target-service"": ""emailservice"", ""duration-ms"": 209}"
414,2026-06-05T16:02:43.998Z,emailservice-2,"{""severity"": ""INFO"", ""event"": ""request"", ""request-id"": ""0fd9f5ab-6110-4310-bafe-f52af32ef735"", ""method"": ""PUT"", ""path"": ""/api/auth/logout"", ""status-code"": 403}"
415,2026-06-05T16:02:45.843Z,userservice-0,"{""severity"": ""INFO"", ""event"": ""call"", ""request-id"": ""d6ad3a34-9f44-49ec-91bd-0ae43c27dbc4"", ""target-service"": ""emailservice"", ""duration-ms"": 289}"
416,2026-06-05T16:02:46.087Z,gateway-1,"{""severity"": ""ERROR"", ""event"": ""internal"", ""exception"": ""System.InvalidOperationException: Failed to load service configuration.""}"
417,2026-06-05T16:02:46.491Z,authservice-0,"{""severity"": ""INFO"", ""event"": ""request"", ""request-id"": ""28f17be0-0217-40ca-ae8f-cd92d93fe64d"", ""method"": ""DELETE"", ""path"": ""/api/content/article"", ""status-code"": 500}"
418,2026-06-05T16:02:46.491Z,contentservice-0,"{""severity"": ""INFO"", ""event"": ""request"", ""request-id"": ""69635ea7-2fba-4193-9774-90eebc537b1d"", ""method"": ""GET"", ""path"": ""/api/content/notice"", ""status-code"": 201}"
419,2026-06-05T16:02:46.651Z,contentservice-1,"{""severity"": ""INFO"", ""event"": ""call"", ""request-id"": ""69635ea7-2fba-4193-9774-90eebc537b1d"", ""target-service"": ""emailservice"", ""duration-ms"": 164}"
420,2026-06-05T16:02:46.676Z,emailservice-0,"{""severity"": ""INFO"", ""event"": ""request"", ""request-id"": ""69635ea7-2fba-4193-9774-90eebc537b1d"", ""method"": ""GET"", ""path"": ""/api/user/john"", ""status-code"": 200}"
421,2026-06-05T16:02:47.259Z,emailservice-2,"{""severity"": ""INFO"", ""event"": ""request"", ""request-id"": ""1ebb6793-c055-4e76-98c3-372363b28f02"", ""method"": ""POST"", ""path"": ""/api/auth/logout"", ""status-code"": 200}"
422,2026-06-05T16:02:47.275Z,gateway-1,"{""severity"": ""INFO"", ""event"": ""call"", ""request-id"": ""083312db-8390-4c8f-94fd-b45e57d0a03d"", ""target-service"": ""contentservice"", ""duration-ms"": 250}"
423,2026-06-05T16:02:48.341Z,userservice-1,"{""severity"": ""INFO"", ""event"": ""call"", ""request-id"": ""f0faa902-0aca-4a5a-aa25-c45ebfa80b18"", ""target-service"": ""emailservice"", ""duration-ms"": 68}"
424,2026-06-05T16:02:48.341Z,contentservice-1,"{""severity"": ""INFO"", ""event"": ""request"", ""request-id"": ""2b68303a-404b-466c-b43e-e10aaa50bb8c"", ""method"": ""POST"", ""path"": ""/api/user/alice"", ""status-code"": 200}"
425,2026-06-05T16:02:48.407Z,contentservice-1,"{""severity"": ""INFO"", ""event"": ""call"", ""request-id"": ""2b68303a-404b-466c-b43e-e10aaa50bb8c"", ""target-service"": ""emailservice"", ""duration-ms"": 209}"
426,2026-06-05T16:02:48.447Z,emailservice-2,"{""severity"": ""INFO"", ""event"": ""request"", ""request-id"": ""2b68303a-404b-466c-b43e-e10aaa50bb8c"", ""method"": ""DELETE"", ""path"": ""/api/user/alice"", ""status-code"": 200}"
427,2026-06-05T16:02:48.447Z,userservice-1,"{""severity"": ""INFO"", ""event"": ""request"", ""request-id"": ""97305b95-8e8e-42b7-818a-2a7e19b67347"", ""method"": ""DELETE"", ""path"": ""/api/user/john"", ""status-code"": 200}"
428,2026-06-05T16:02:48.534Z,userservice-0,"{""severity"": ""INFO"", ""event"": ""call"", ""request-id"": ""97305b95-8e8e-42b7-818a-2a7e19b67347"", ""target-service"": ""authservice"", ""duration-ms"": 143}"
429,2026-06-05T16:02:48.551Z,authservice-1,"{""severity"": ""INFO"", ""event"": ""request"", ""request-id"": ""97305b95-8e8e-42b7-818a-2a7e19b67347"", ""method"": ""GET"", ""path"": ""/api/auth/logout"", ""status-code"": 403}"
430,2026-06-05T16:02:48.756Z,emailservice-2,"{""severity"": ""WARNING"", ""event"": ""internal"", ""exception"": ""System.TimeoutException: Request processing is slower than expected.""}"
431,2026-06-05T16:02:49.573Z,contentservice-0,"{""severity"": ""WARNING"", ""event"": ""internal"", ""exception"": ""System.TimeoutException: Request processing is slower than expected.""}"
432,2026-06-05T16:02:49.573Z,userservice-1,"{""severity"": ""INFO"", ""event"": ""request"", ""request-id"": ""1e579b94-09bf-400e-a067-88e9ab09393d"", ""method"": ""GET"", ""path"": ""/api/auth/login"", ""status-code"": 401}"
433,2026-06-05T16:02:49.582Z,userservice-0,"{""severity"": ""INFO"", ""event"": ""call"", ""request-id"": ""1e579b94-09bf-400e-a067-88e9ab09393d"", ""target-service"": ""emailservice"", ""duration-ms"": 162}"
434,2026-06-05T16:02:49.620Z,emailservice-2,"{""severity"": ""INFO"", ""event"": ""request"", ""request-id"": ""1e579b94-09bf-400e-a067-88e9ab09393d"", ""method"": ""DELETE"", ""path"": ""/api/content/notice"", ""status-code"": 200}"
435,2026-06-05T16:02:51.587Z,contentservice-0,"{""severity"": ""INFO"", ""event"": ""call"", ""request-id"": ""25369dab-b2ab-4fd2-9d4b-064986da40ab"", ""target-service"": ""emailservice"", ""duration-ms"": 25}"
436,2026-06-05T16:02:51.774Z,contentservice-0,"{""severity"": ""INFO"", ""event"": ""request"", ""request-id"": ""148487c9-87eb-4e82-a9b8-ee308b097866"", ""method"": ""PUT"", ""path"": ""/api/content/notice"", ""status-code"": 404}"
437,2026-06-05T16:02:51.883Z,userservice-1,"{""severity"": ""INFO"", ""event"": ""request"", ""request-id"": ""adf58cc3-359a-4862-b930-5d37a5d5b3a7"", ""method"": ""DELETE"", ""path"": ""/api/auth/logout"", ""status-code"": 401}"
438,2026-06-05T16:02:51.927Z,gateway-1,"{""severity"": ""INFO"", ""event"": ""request"", ""request-id"": ""b956c6b2-8e2c-4e51-b725-7d7709de668a"", ""method"": ""POST"", ""path"": ""/api/content/article"", ""status-code"": 200}"
439,2026-06-05T16:02:51.927Z,userservice-1,"{""severity"": ""INFO"", ""event"": ""request"", ""request-id"": ""c6472935-ebad-4ea9-9163-d221cb29ac7c"", ""method"": ""POST"", ""path"": ""/api/user/john"", ""status-code"": 404}"
440,2026-06-05T16:02:52.052Z,userservice-0,"{""severity"": ""INFO"", ""event"": ""call"", ""request-id"": ""c6472935-ebad-4ea9-9163-d221cb29ac7c"", ""target-service"": ""emailservice"", ""duration-ms"": 161}"
441,2026-06-05T16:02:52.150Z,emailservice-2,"{""severity"": ""INFO"", ""event"": ""request"", ""request-id"": ""c6472935-ebad-4ea9-9163-d221cb29ac7c"", ""method"": ""GET"", ""path"": ""/api/content/article"", ""status-code"": 200}"
442,2026-06-05T16:02:53.233Z,userservice-1,"{""severity"": ""INFO"", ""event"": ""call"", ""request-id"": ""e447f451-6183-443b-8c31-c1c726f556ec"", ""target-service"": ""emailservice"", ""duration-ms"": 286}"
443,2026-06-05T16:02:53.233Z,contentservice-0,"{""severity"": ""INFO"", ""event"": ""request"", ""request-id"": ""2c2278b3-98a8-4083-b1e5-da5f144e5d6f"", ""method"": ""GET"", ""path"": ""/api/user/alice"", ""status-code"": 201}"
444,2026-06-05T16:02:53.255Z,contentservice-1,"{""severity"": ""INFO"", ""event"": ""call"", ""request-id"": ""2c2278b3-98a8-4083-b1e5-da5f144e5d6f"", ""target-service"": ""emailservice"", ""duration-ms"": 207}"
445,2026-06-05T16:02:53.279Z,emailservice-1,"{""severity"": ""INFO"", ""event"": ""request"", ""request-id"": ""2c2278b3-98a8-4083-b1e5-da5f144e5d6f"", ""method"": ""PUT"", ""path"": ""/api/user/alice"", ""status-code"": 404}"
446,2026-06-05T16:02:53.924Z,emailservice-2,"{""severity"": ""WARNING"", ""event"": ""internal"", ""exception"": ""System.IO.IOException: Temporary file cache is unavailable.""}"
447,2026-06-05T16:02:54.578Z,authservice-0,"{""severity"": ""INFO"", ""event"": ""request"", ""request-id"": ""f166e81b-191b-4134-9480-2891242041e6"", ""method"": ""GET"", ""path"": ""/api/auth/logout"", ""status-code"": 204}"
448,2026-06-05T16:02:54.578Z,contentservice-0,"{""severity"": ""INFO"", ""event"": ""request"", ""request-id"": ""b22bf0fd-151b-474f-a648-10d5a216fc29"", ""method"": ""POST"", ""path"": ""/api/content/notice"", ""status-code"": 400}"
449,2026-06-05T16:02:54.682Z,contentservice-1,"{""severity"": ""INFO"", ""event"": ""call"", ""request-id"": ""b22bf0fd-151b-474f-a648-10d5a216fc29"", ""target-service"": ""emailservice"", ""duration-ms"": 41}"
450,2026-06-05T16:02:54.776Z,emailservice-1,"{""severity"": ""INFO"", ""event"": ""request"", ""request-id"": ""b22bf0fd-151b-474f-a648-10d5a216fc29"", ""method"": ""GET"", ""path"": ""/api/content/notice"", ""status-code"": 200}"
451,2026-06-05T16:02:54.776Z,userservice-1,"{""severity"": ""INFO"", ""event"": ""request"", ""request-id"": ""b6a372c6-4c9d-4f30-bc2d-59b76adff91b"", ""method"": ""POST"", ""path"": ""/api/content/notice"", ""status-code"": 404}"
452,2026-06-05T16:02:54.862Z,userservice-1,"{""severity"": ""INFO"", ""event"": ""call"", ""request-id"": ""b6a372c6-4c9d-4f30-bc2d-59b76adff91b"", ""target-service"": ""authservice"", ""duration-ms"": 73}"
453,2026-06-05T16:02:54.925Z,authservice-1,"{""severity"": ""INFO"", ""event"": ""request"", ""request-id"": ""b6a372c6-4c9d-4f30-bc2d-59b76adff91b"", ""method"": ""POST"", ""path"": ""/api/user/john"", ""status-code"": 200}"
454,2026-06-05T16:02:56.250Z,contentservice-0,"{""severity"": ""ERROR"", ""event"": ""internal"", ""exception"": ""System.UnauthorizedAccessException: Access to protected resource is denied.""}"
455,2026-06-05T16:02:56.250Z,userservice-1,"{""severity"": ""INFO"", ""event"": ""request"", ""request-id"": ""628c1539-2f9d-4b1e-a6bf-4b688a8097dc"", ""method"": ""PUT"", ""path"": ""/api/auth/logout"", ""status-code"": 500}"
456,2026-06-05T16:02:56.291Z,userservice-1,"{""severity"": ""INFO"", ""event"": ""call"", ""request-id"": ""628c1539-2f9d-4b1e-a6bf-4b688a8097dc"", ""target-service"": ""emailservice"", ""duration-ms"": 188}"
457,2026-06-05T16:02:56.365Z,emailservice-1,"{""severity"": ""INFO"", ""event"": ""request"", ""request-id"": ""628c1539-2f9d-4b1e-a6bf-4b688a8097dc"", ""method"": ""PUT"", ""path"": ""/api/auth/login"", ""status-code"": 401}"
458,2026-06-05T16:02:57.744Z,gateway-0,"{""severity"": ""INFO"", ""event"": ""call"", ""request-id"": ""eaab767e-63ab-44d2-81cb-7c00118a01db"", ""target-service"": ""userservice"", ""duration-ms"": 62}"
459,2026-06-05T16:02:58.752Z,contentservice-1,"{""severity"": ""INFO"", ""event"": ""call"", ""request-id"": ""79fe5ab0-c136-4ed4-8bf2-b66945a09d8c"", ""target-service"": ""emailservice"", ""duration-ms"": 92}"
460,2026-06-05T16:02:59.362Z,contentservice-0,"{""severity"": ""INFO"", ""event"": ""call"", ""request-id"": ""5f32b82a-fb53-4d4f-9b3f-161069bd8ffe"", ""target-service"": ""emailservice"", ""duration-ms"": 126}"
461,2026-06-05T16:02:59.362Z,userservice-1,"{""severity"": ""INFO"", ""event"": ""request"", ""request-id"": ""8143015c-a719-472d-b4e4-ffe0004c0a91"", ""method"": ""POST"", ""path"": ""/api/content/notice"", ""status-code"": 401}"
462,2026-06-05T16:02:59.472Z,userservice-1,"{""severity"": ""ERROR"", ""event"": ""call"", ""request-id"": ""8143015c-a719-472d-b4e4-ffe0004c0a91"", ""target-service"": ""authservice"", ""duration-ms"": 93}"
463,2026-06-05T16:02:59.567Z,authservice-1,"{""severity"": ""ERROR"", ""event"": ""internal"", ""exception"": ""System.UnauthorizedAccessException: Access to protected resource is denied.""}"
464,2026-06-05T16:03:00.945Z,userservice-1,"{""severity"": ""INFO"", ""event"": ""call"", ""request-id"": ""a5c49c8c-75da-42fd-bea5-ef9c1ed33c21"", ""target-service"": ""emailservice"", ""duration-ms"": 93}"
465,2026-06-05T16:03:00.945Z,gateway-0,"{""severity"": ""INFO"", ""event"": ""request"", ""request-id"": ""427e8d16-de47-4f0c-aa7f-d73ef6fc1544"", ""method"": ""PUT"", ""path"": ""/api/content/notice"", ""status-code"": 200}"
466,2026-06-05T16:03:01.040Z,gateway-1,"{""severity"": ""INFO"", ""event"": ""call"", ""request-id"": ""427e8d16-de47-4f0c-aa7f-d73ef6fc1544"", ""target-service"": ""userservice"", ""duration-ms"": 23}"
467,2026-06-05T16:03:01.084Z,userservice-1,"{""severity"": ""INFO"", ""event"": ""request"", ""request-id"": ""427e8d16-de47-4f0c-aa7f-d73ef6fc1544"", ""method"": ""GET"", ""path"": ""/api/auth/logout"", ""status-code"": 401}"
468,2026-06-05T16:03:01.221Z,userservice-1,"{""severity"": ""INFO"", ""event"": ""call"", ""request-id"": ""427e8d16-de47-4f0c-aa7f-d73ef6fc1544"", ""target-service"": ""emailservice"", ""duration-ms"": 209}"
469,2026-06-05T16:03:01.278Z,emailservice-1,"{""severity"": ""INFO"", ""event"": ""request"", ""request-id"": ""427e8d16-de47-4f0c-aa7f-d73ef6fc1544"", ""method"": ""PUT"", ""path"": ""/api/user/alice"", ""status-code"": 403}"
470,2026-06-05T16:03:02.043Z,contentservice-0,"{""severity"": ""INFO"", ""event"": ""call"", ""request-id"": ""c2f5d084-c32a-4b26-a44d-55415b9b1e7f"", ""target-service"": ""emailservice"", ""duration-ms"": 243}"
471,2026-06-05T16:03:02.455Z,gateway-1,"{""severity"": ""INFO"", ""event"": ""call"", ""request-id"": ""810852d3-3649-4435-bf44-990a144e03a4"", ""target-service"": ""userservice"", ""duration-ms"": 117}"
472,2026-06-05T16:03:03.014Z,gateway-1,"{""severity"": ""ERROR"", ""event"": ""internal"", ""exception"": ""System.UnauthorizedAccessException: Access to protected resource is denied.""}"
473,2026-06-05T16:03:04.388Z,userservice-0,"{""severity"": ""ERROR"", ""event"": ""internal"", ""exception"": ""System.InvalidOperationException: Failed to load service configuration.""}"
474,2026-06-05T16:03:04.388Z,contentservice-0,"{""severity"": ""INFO"", ""event"": ""request"", ""request-id"": ""077af5fc-8e55-4de1-b5b3-2c95c6a55cf8"", ""method"": ""GET"", ""path"": ""/api/user/john"", ""status-code"": 400}"
475,2026-06-05T16:03:04.508Z,contentservice-0,"{""severity"": ""INFO"", ""event"": ""call"", ""request-id"": ""077af5fc-8e55-4de1-b5b3-2c95c6a55cf8"", ""target-service"": ""emailservice"", ""duration-ms"": 120}"
476,2026-06-05T16:03:04.525Z,emailservice-0,"{""severity"": ""INFO"", ""event"": ""request"", ""request-id"": ""077af5fc-8e55-4de1-b5b3-2c95c6a55cf8"", ""method"": ""PUT"", ""path"": ""/api/content/article"", ""status-code"": 400}"
477,2026-06-05T16:03:04.695Z,emailservice-2,"{""severity"": ""INFO"", ""event"": ""request"", ""request-id"": ""961d7bb2-5b7c-4f7d-9f7a-892a0147dd4c"", ""method"": ""GET"", ""path"": ""/api/content/notice"", ""status-code"": 403}"
478,2026-06-05T16:03:06.315Z,authservice-2,"{""severity"": ""ERROR"", ""event"": ""internal"", ""exception"": ""System.UnauthorizedAccessException: Access to protected resource is denied.""}"
479,2026-06-05T16:03:06.315Z,userservice-1,"{""severity"": ""INFO"", ""event"": ""request"", ""request-id"": ""4dbab8a3-8fcb-498e-8257-b3cef2a445fb"", ""method"": ""PUT"", ""path"": ""/api/auth/logout"", ""status-code"": 401}"
480,2026-06-05T16:03:06.338Z,userservice-1,"{""severity"": ""ERROR"", ""event"": ""call"", ""request-id"": ""4dbab8a3-8fcb-498e-8257-b3cef2a445fb"", ""target-service"": ""emailservice"", ""duration-ms"": 200}"
481,2026-06-05T16:03:06.376Z,emailservice-0,"{""severity"": ""ERROR"", ""event"": ""internal"", ""exception"": ""System.Data.DataException: Database query failed.""}"
482,2026-06-05T16:03:06.376Z,gateway-1,"{""severity"": ""INFO"", ""event"": ""request"", ""request-id"": ""e646481d-045f-44d9-8f1f-86f52c661331"", ""method"": ""DELETE"", ""path"": ""/api/content/notice"", ""status-code"": 204}"
483,2026-06-05T16:03:06.560Z,gateway-1,"{""severity"": ""INFO"", ""event"": ""call"", ""request-id"": ""e646481d-045f-44d9-8f1f-86f52c661331"", ""target-service"": ""userservice"", ""duration-ms"": 126}"
484,2026-06-05T16:03:06.607Z,userservice-1,"{""severity"": ""INFO"", ""event"": ""request"", ""request-id"": ""e646481d-045f-44d9-8f1f-86f52c661331"", ""method"": ""POST"", ""path"": ""/api/user/alice"", ""status-code"": 404}"
485,2026-06-05T16:03:06.796Z,userservice-0,"{""severity"": ""INFO"", ""event"": ""call"", ""request-id"": ""e646481d-045f-44d9-8f1f-86f52c661331"", ""target-service"": ""emailservice"", ""duration-ms"": 158}"
486,2026-06-05T16:03:06.831Z,emailservice-0,"{""severity"": ""INFO"", ""event"": ""request"", ""request-id"": ""e646481d-045f-44d9-8f1f-86f52c661331"", ""method"": ""PUT"", ""path"": ""/api/content/notice"", ""status-code"": 400}"
487,2026-06-05T16:03:06.831Z,gateway-1,"{""severity"": ""INFO"", ""event"": ""request"", ""request-id"": ""3dda6446-7ede-4eb6-85c2-0312d09d466c"", ""method"": ""POST"", ""path"": ""/api/auth/logout"", ""status-code"": 200}"
488,2026-06-05T16:03:06.892Z,gateway-0,"{""severity"": ""INFO"", ""event"": ""call"", ""request-id"": ""3dda6446-7ede-4eb6-85c2-0312d09d466c"", ""target-service"": ""contentservice"", ""duration-ms"": 14}"
489,2026-06-05T16:03:06.937Z,contentservice-1,"{""severity"": ""INFO"", ""event"": ""request"", ""request-id"": ""3dda6446-7ede-4eb6-85c2-0312d09d466c"", ""method"": ""POST"", ""path"": ""/api/content/notice"", ""status-code"": 200}"
490,2026-06-05T16:03:07.109Z,contentservice-0,"{""severity"": ""INFO"", ""event"": ""call"", ""request-id"": ""3dda6446-7ede-4eb6-85c2-0312d09d466c"", ""target-service"": ""emailservice"", ""duration-ms"": 137}"
491,2026-06-05T16:03:07.128Z,emailservice-1,"{""severity"": ""INFO"", ""event"": ""request"", ""request-id"": ""3dda6446-7ede-4eb6-85c2-0312d09d466c"", ""method"": ""DELETE"", ""path"": ""/api/auth/logout"", ""status-code"": 204}"
492,2026-06-05T16:03:08.828Z,authservice-1,"{""severity"": ""ERROR"", ""event"": ""internal"", ""exception"": ""System.NullReferenceException: Object reference not set to an instance of an object.""}"
493,2026-06-05T16:03:08.828Z,contentservice-1,"{""severity"": ""INFO"", ""event"": ""request"", ""request-id"": ""1b8ec18b-6e17-43b7-aa14-a5a0201c67e8"", ""method"": ""POST"", ""path"": ""/api/user/alice"", ""status-code"": 404}"
494,2026-06-05T16:03:08.922Z,contentservice-1,"{""severity"": ""INFO"", ""event"": ""call"", ""request-id"": ""1b8ec18b-6e17-43b7-aa14-a5a0201c67e8"", ""target-service"": ""emailservice"", ""duration-ms"": 122}"
495,2026-06-05T16:03:08.940Z,emailservice-1,"{""severity"": ""INFO"", ""event"": ""request"", ""request-id"": ""1b8ec18b-6e17-43b7-aa14-a5a0201c67e8"", ""method"": ""POST"", ""path"": ""/api/auth/logout"", ""status-code"": 200}"
496,2026-06-05T16:03:08.940Z,userservice-0,"{""severity"": ""INFO"", ""event"": ""request"", ""request-id"": ""a1cae35c-48dc-439a-8b42-b6034b7b1d18"", ""method"": ""GET"", ""path"": ""/api/user/john"", ""status-code"": 200}"
497,2026-06-05T16:03:09.055Z,userservice-0,"{""severity"": ""INFO"", ""event"": ""call"", ""request-id"": ""a1cae35c-48dc-439a-8b42-b6034b7b1d18"", ""target-service"": ""authservice"", ""duration-ms"": 116}"
498,2026-06-05T16:03:09.099Z,authservice-0,"{""severity"": ""INFO"", ""event"": ""request"", ""request-id"": ""a1cae35c-48dc-439a-8b42-b6034b7b1d18"", ""method"": ""PUT"", ""path"": ""/api/auth/logout"", ""status-code"": 500}"
499,2026-06-05T16:03:10.620Z,gateway-0,"{""severity"": ""INFO"", ""event"": ""call"", ""request-id"": ""50f676f0-002a-4465-80dd-9bf319f38fd5"", ""target-service"": ""userservice"", ""duration-ms"": 59}"
500,2026-06-05T16:03:10.620Z,gateway-0,"{""severity"": ""INFO"", ""event"": ""request"", ""request-id"": ""d523f7bd-36c2-4c2c-b309-b49d38c69caf"", ""method"": ""GET"", ""path"": ""/api/content/article"", ""status-code"": 403}"
501,2026-06-05T16:03:10.801Z,gateway-1,"{""severity"": ""INFO"", ""event"": ""call"", ""request-id"": ""d523f7bd-36c2-4c2c-b309-b49d38c69caf"", ""target-service"": ""authservice"", ""duration-ms"": 58}"
502,2026-06-05T16:03:10.813Z,authservice-0,"{""severity"": ""INFO"", ""event"": ""request"", ""request-id"": ""d523f7bd-36c2-4c2c-b309-b49d38c69caf"", ""method"": ""POST"", ""path"": ""/api/content/article"", ""status-code"": 404}"
503,2026-06-05T16:03:11.919Z,emailservice-0,"{""severity"": ""ERROR"", ""event"": ""internal"", ""exception"": ""System.InvalidOperationException: Failed to load service configuration.""}"
504,2026-06-05T16:03:12.419Z,gateway-0,"{""severity"": ""INFO"", ""event"": ""call"", ""request-id"": ""3baf3374-b5f5-4469-9a07-218e61034df2"", ""target-service"": ""authservice"", ""duration-ms"": 127}"
505,2026-06-05T16:03:14.066Z,contentservice-1,"{""severity"": ""INFO"", ""event"": ""request"", ""request-id"": ""273c8fcd-4c95-4778-93af-69be05f93469"", ""method"": ""POST"", ""path"": ""/api/auth/login"", ""status-code"": 400}"
506,2026-06-05T16:03:14.459Z,gateway-0,"{""severity"": ""INFO"", ""event"": ""request"", ""request-id"": ""677d6086-cf3d-447d-84d3-63f4e10c8598"", ""method"": ""POST"", ""path"": ""/api/user/john"", ""status-code"": 200}"
507,2026-06-05T16:03:15.060Z,contentservice-0,"{""severity"": ""INFO"", ""event"": ""request"", ""request-id"": ""c946f1cc-466f-413f-9bb6-5d25e59894a2"", ""method"": ""GET"", ""path"": ""/api/auth/logout"", ""status-code"": 403}"
508,2026-06-05T16:03:15.310Z,gateway-0,"{""severity"": ""INFO"", ""event"": ""request"", ""request-id"": ""067f6ae7-59a4-4dbe-ab69-63e114dc222d"", ""method"": ""DELETE"", ""path"": ""/api/auth/login"", ""status-code"": 204}"
509,2026-06-05T16:03:15.409Z,authservice-0,"{""severity"": ""INFO"", ""event"": ""request"", ""request-id"": ""97f8347c-3403-45ad-98fe-623d8d05d6a1"", ""method"": ""DELETE"", ""path"": ""/api/auth/login"", ""status-code"": 403}"
510,2026-06-05T16:03:17.149Z,userservice-0,"{""severity"": ""INFO"", ""event"": ""request"", ""request-id"": ""42665dcb-a672-411a-b370-62e4cab49fc5"", ""method"": ""POST"", ""path"": ""/api/user/alice"", ""status-code"": 204}"
511,2026-06-05T16:03:17.922Z,gateway-1,"{""severity"": ""INFO"", ""event"": ""request"", ""request-id"": ""6222c862-298c-43fc-8f34-791fb15496c6"", ""method"": ""DELETE"", ""path"": ""/api/content/notice"", ""status-code"": 404}"
512,2026-06-05T16:03:19.052Z,contentservice-0,"{""severity"": ""INFO"", ""event"": ""call"", ""request-id"": ""061ba4e0-051c-4483-ab85-e6e3e1ba24ce"", ""target-service"": ""emailservice"", ""duration-ms"": 52}"
513,2026-06-05T16:03:20.707Z,contentservice-0,"{""severity"": ""INFO"", ""event"": ""call"", ""request-id"": ""2040d4c2-eb91-4df3-8ea9-23017f395a4e"", ""target-service"": ""emailservice"", ""duration-ms"": 2}"
514,2026-06-05T16:03:22.609Z,contentservice-0,"{""severity"": ""INFO"", ""event"": ""request"", ""request-id"": ""a2ed6182-e233-47e9-a4b0-ab5cef834087"", ""method"": ""GET"", ""path"": ""/api/user/alice"", ""status-code"": 403}"
515,2026-06-05T16:03:24.536Z,gateway-1,"{""severity"": ""WARNING"", ""event"": ""internal"", ""exception"": ""System.IO.IOException: Temporary file cache is unavailable.""}"
516,2026-06-05T16:03:25.081Z,userservice-0,"{""severity"": ""INFO"", ""event"": ""call"", ""request-id"": ""d2797ede-6f62-47bd-8de6-a08ac81b0279"", ""target-service"": ""authservice"", ""duration-ms"": 86}"
517,2026-06-05T16:03:25.387Z,contentservice-1,"{""severity"": ""INFO"", ""event"": ""request"", ""request-id"": ""febc9df2-a8e8-4048-8d7d-944c430390e2"", ""method"": ""GET"", ""path"": ""/api/auth/logout"", ""status-code"": 400}"
518,2026-06-05T16:03:25.387Z,contentservice-0,"{""severity"": ""INFO"", ""event"": ""request"", ""request-id"": ""5d0ce441-0b39-4876-b18d-2113a382b0bc"", ""method"": ""PUT"", ""path"": ""/api/auth/login"", ""status-code"": 401}"
519,2026-06-05T16:03:25.584Z,contentservice-0,"{""severity"": ""ERROR"", ""event"": ""call"", ""request-id"": ""5d0ce441-0b39-4876-b18d-2113a382b0bc"", ""target-service"": ""emailservice"", ""duration-ms"": 56}"
520,2026-06-05T16:03:25.682Z,emailservice-2,"{""severity"": ""ERROR"", ""event"": ""internal"", ""exception"": ""System.Data.DataException: Database query failed.""}"
521,2026-06-05T16:03:25.682Z,gateway-1,"{""severity"": ""INFO"", ""event"": ""request"", ""request-id"": ""16eeed15-d247-469e-a0bc-3ef2bebc8895"", ""method"": ""POST"", ""path"": ""/api/content/article"", ""status-code"": 403}"
522,2026-06-05T16:03:25.729Z,gateway-1,"{""severity"": ""INFO"", ""event"": ""call"", ""request-id"": ""16eeed15-d247-469e-a0bc-3ef2bebc8895"", ""target-service"": ""userservice"", ""duration-ms"": 24}"
523,2026-06-05T16:03:25.823Z,userservice-0,"{""severity"": ""INFO"", ""event"": ""request"", ""request-id"": ""16eeed15-d247-469e-a0bc-3ef2bebc8895"", ""method"": ""DELETE"", ""path"": ""/api/user/john"", ""status-code"": 401}"
524,2026-06-05T16:03:25.897Z,userservice-1,"{""severity"": ""INFO"", ""event"": ""call"", ""request-id"": ""16eeed15-d247-469e-a0bc-3ef2bebc8895"", ""target-service"": ""authservice"", ""duration-ms"": 62}"
525,2026-06-05T16:03:25.957Z,authservice-1,"{""severity"": ""INFO"", ""event"": ""request"", ""request-id"": ""16eeed15-d247-469e-a0bc-3ef2bebc8895"", ""method"": ""GET"", ""path"": ""/api/content/notice"", ""status-code"": 401}"
526,2026-06-05T16:03:27.106Z,authservice-2,"{""severity"": ""INFO"", ""event"": ""request"", ""request-id"": ""5769c8ef-98a5-4853-a2ff-2ab8e20ebcf8"", ""method"": ""GET"", ""path"": ""/api/user/john"", ""status-code"": 400}"
527,2026-06-05T16:03:27.106Z,userservice-0,"{""severity"": ""INFO"", ""event"": ""request"", ""request-id"": ""9a8b5ac2-8e5c-48d2-8fa6-4c20101c71ca"", ""method"": ""DELETE"", ""path"": ""/api/content/notice"", ""status-code"": 200}"
528,2026-06-05T16:03:27.306Z,userservice-0,"{""severity"": ""INFO"", ""event"": ""call"", ""request-id"": ""9a8b5ac2-8e5c-48d2-8fa6-4c20101c71ca"", ""target-service"": ""emailservice"", ""duration-ms"": 91}"
529,2026-06-05T16:03:27.392Z,emailservice-2,"{""severity"": ""INFO"", ""event"": ""request"", ""request-id"": ""9a8b5ac2-8e5c-48d2-8fa6-4c20101c71ca"", ""method"": ""GET"", ""path"": ""/api/auth/logout"", ""status-code"": 400}"
530,2026-06-05T16:03:27.402Z,authservice-1,"{""severity"": ""INFO"", ""event"": ""request"", ""request-id"": ""dad1483d-c409-427d-8f29-990bd4af8eaf"", ""method"": ""GET"", ""path"": ""/api/auth/login"", ""status-code"": 201}"
531,2026-06-05T16:03:27.402Z,gateway-0,"{""severity"": ""INFO"", ""event"": ""request"", ""request-id"": ""7b8dd4b6-7571-4faf-a621-a66e7fb7bce9"", ""method"": ""POST"", ""path"": ""/api/auth/login"", ""status-code"": 200}"
532,2026-06-05T16:03:27.524Z,gateway-0,"{""severity"": ""INFO"", ""event"": ""call"", ""request-id"": ""7b8dd4b6-7571-4faf-a621-a66e7fb7bce9"", ""target-service"": ""userservice"", ""duration-ms"": 161}"
533,2026-06-05T16:03:27.589Z,userservice-0,"{""severity"": ""INFO"", ""event"": ""request"", ""request-id"": ""7b8dd4b6-7571-4faf-a621-a66e7fb7bce9"", ""method"": ""POST"", ""path"": ""/api/content/article"", ""status-code"": 400}"
534,2026-06-05T16:03:27.698Z,userservice-0,"{""severity"": ""ERROR"", ""event"": ""call"", ""request-id"": ""7b8dd4b6-7571-4faf-a621-a66e7fb7bce9"", ""target-service"": ""authservice"", ""duration-ms"": 206}"
535,2026-06-05T16:03:27.746Z,authservice-2,"{""severity"": ""ERROR"", ""event"": ""internal"", ""exception"": ""System.Data.DataException: Database query failed.""}"
536,2026-06-05T16:03:29.706Z,contentservice-0,"{""severity"": ""INFO"", ""event"": ""request"", ""request-id"": ""189e7cc1-a9e0-4a7b-bba0-a3646a2992f9"", ""method"": ""POST"", ""path"": ""/api/auth/login"", ""status-code"": 401}"
537,2026-06-05T16:03:29.783Z,gateway-1,"{""severity"": ""INFO"", ""event"": ""request"", ""request-id"": ""0bef8248-ce2c-4131-9f7e-e48c64fd2ec5"", ""method"": ""GET"", ""path"": ""/api/content/article"", ""status-code"": 403}"
538,2026-06-05T16:03:30.920Z,authservice-2,"{""severity"": ""INFO"", ""event"": ""request"", ""request-id"": ""d4937279-a22b-40a6-98db-e9384116309c"", ""method"": ""GET"", ""path"": ""/api/content/notice"", ""status-code"": 403}"
539,2026-06-05T16:03:30.920Z,userservice-1,"{""severity"": ""INFO"", ""event"": ""request"", ""request-id"": ""e891a144-fa44-47cc-88b5-adac292c4f5a"", ""method"": ""DELETE"", ""path"": ""/api/user/alice"", ""status-code"": 403}"
540,2026-06-05T16:03:30.983Z,userservice-0,"{""severity"": ""INFO"", ""event"": ""call"", ""request-id"": ""e891a144-fa44-47cc-88b5-adac292c4f5a"", ""target-service"": ""emailservice"", ""duration-ms"": 59}"
541,2026-06-05T16:03:31.026Z,emailservice-2,"{""severity"": ""INFO"", ""event"": ""request"", ""request-id"": ""e891a144-fa44-47cc-88b5-adac292c4f5a"", ""method"": ""PUT"", ""path"": ""/api/auth/logout"", ""status-code"": 404}"
542,2026-06-05T16:03:31.026Z,gateway-0,"{""severity"": ""INFO"", ""event"": ""request"", ""request-id"": ""555b01dc-aa1e-411b-ba49-b2f33c4f4e73"", ""method"": ""GET"", ""path"": ""/api/content/notice"", ""status-code"": 200}"
543,2026-06-05T16:03:31.090Z,gateway-0,"{""severity"": ""INFO"", ""event"": ""call"", ""request-id"": ""555b01dc-aa1e-411b-ba49-b2f33c4f4e73"", ""target-service"": ""authservice"", ""duration-ms"": 133}"
544,2026-06-05T16:03:31.095Z,authservice-1,"{""severity"": ""INFO"", ""event"": ""request"", ""request-id"": ""555b01dc-aa1e-411b-ba49-b2f33c4f4e73"", ""method"": ""POST"", ""path"": ""/api/content/article"", ""status-code"": 500}"
545,2026-06-05T16:03:32.249Z,userservice-0,"{""severity"": ""INFO"", ""event"": ""call"", ""request-id"": ""ea9a364f-1b02-4128-a831-1c0a6e4d43be"", ""target-service"": ""emailservice"", ""duration-ms"": 237}"
546,2026-06-05T16:03:32.475Z,gateway-0,"{""severity"": ""INFO"", ""event"": ""call"", ""request-id"": ""a42d2af4-db72-40f7-aa76-f99ae210eb1a"", ""target-service"": ""userservice"", ""duration-ms"": 166}"
547,2026-06-05T16:03:32.475Z,gateway-1,"{""severity"": ""INFO"", ""event"": ""request"", ""request-id"": ""1c31008b-ef13-4b1b-b2f8-f231a34d54de"", ""method"": ""POST"", ""path"": ""/api/user/alice"", ""status-code"": 403}"
548,2026-06-05T16:03:32.657Z,gateway-0,"{""severity"": ""INFO"", ""event"": ""call"", ""request-id"": ""1c31008b-ef13-4b1b-b2f8-f231a34d54de"", ""target-service"": ""contentservice"", ""duration-ms"": 85}"
549,2026-06-05T16:03:32.662Z,contentservice-0,"{""severity"": ""INFO"", ""event"": ""request"", ""request-id"": ""1c31008b-ef13-4b1b-b2f8-f231a34d54de"", ""method"": ""PUT"", ""path"": ""/api/user/alice"", ""status-code"": 201}"
550,2026-06-05T16:03:32.805Z,contentservice-0,"{""severity"": ""INFO"", ""event"": ""call"", ""request-id"": ""1c31008b-ef13-4b1b-b2f8-f231a34d54de"", ""target-service"": ""emailservice"", ""duration-ms"": 199}"
551,2026-06-05T16:03:32.900Z,emailservice-2,"{""severity"": ""INFO"", ""event"": ""request"", ""request-id"": ""1c31008b-ef13-4b1b-b2f8-f231a34d54de"", ""method"": ""DELETE"", ""path"": ""/api/auth/login"", ""status-code"": 204}"
552,2026-06-05T16:03:34.866Z,authservice-2,"{""severity"": ""WARNING"", ""event"": ""internal"", ""exception"": ""System.TimeoutException: Request processing is slower than expected.""}"
553,2026-06-05T16:03:34.866Z,contentservice-0,"{""severity"": ""INFO"", ""event"": ""request"", ""request-id"": ""38d462ca-632b-4319-beb0-6df5a57c4367"", ""method"": ""PUT"", ""path"": ""/api/content/article"", ""status-code"": 400}"
554,2026-06-05T16:03:34.950Z,contentservice-0,"{""severity"": ""INFO"", ""event"": ""call"", ""request-id"": ""38d462ca-632b-4319-beb0-6df5a57c4367"", ""target-service"": ""emailservice"", ""duration-ms"": 146}"
555,2026-06-05T16:03:34.964Z,emailservice-0,"{""severity"": ""INFO"", ""event"": ""request"", ""request-id"": ""38d462ca-632b-4319-beb0-6df5a57c4367"", ""method"": ""GET"", ""path"": ""/api/auth/logout"", ""status-code"": 403}"
556,2026-06-05T16:03:34.964Z,userservice-0,"{""severity"": ""INFO"", ""event"": ""request"", ""request-id"": ""e7949fce-571d-4e41-ab15-7a5ffb373dce"", ""method"": ""DELETE"", ""path"": ""/api/auth/logout"", ""status-code"": 200}"
557,2026-06-05T16:03:35.146Z,userservice-1,"{""severity"": ""ERROR"", ""event"": ""call"", ""request-id"": ""e7949fce-571d-4e41-ab15-7a5ffb373dce"", ""target-service"": ""emailservice"", ""duration-ms"": 210}"
558,2026-06-05T16:03:35.176Z,emailservice-1,"{""severity"": ""ERROR"", ""event"": ""internal"", ""exception"": ""System.NullReferenceException: Object reference not set to an instance of an object.""}"
559,2026-06-05T16:03:35.475Z,contentservice-0,"{""severity"": ""INFO"", ""event"": ""request"", ""request-id"": ""e44eea8c-98f3-46fa-84fa-26dbe639e55c"", ""method"": ""DELETE"", ""path"": ""/api/user/john"", ""status-code"": 200}"
560,2026-06-05T16:03:37.270Z,userservice-0,"{""severity"": ""INFO"", ""event"": ""call"", ""request-id"": ""876c4bb3-455d-4c64-9e5d-6ff7569e18b5"", ""target-service"": ""authservice"", ""duration-ms"": 153}"
561,2026-06-05T16:03:38.697Z,contentservice-0,"{""severity"": ""INFO"", ""event"": ""call"", ""request-id"": ""ee9f5899-f294-45e4-9847-3d6da9fe0efc"", ""target-service"": ""emailservice"", ""duration-ms"": 76}"
562,2026-06-05T16:03:40.629Z,contentservice-1,"{""severity"": ""INFO"", ""event"": ""call"", ""request-id"": ""34538e4c-712f-48b7-96aa-797733916bb5"", ""target-service"": ""emailservice"", ""duration-ms"": 73}"
563,2026-06-05T16:03:42.090Z,gateway-1,"{""severity"": ""INFO"", ""event"": ""call"", ""request-id"": ""bc72c523-3edf-4250-b4d2-5084752312e0"", ""target-service"": ""userservice"", ""duration-ms"": 200}"
564,2026-06-05T16:03:42.554Z,contentservice-1,"{""severity"": ""INFO"", ""event"": ""call"", ""request-id"": ""0dd2f80a-4edd-424f-82c3-16eb42b3d61f"", ""target-service"": ""emailservice"", ""duration-ms"": 218}"
565,2026-06-05T16:03:42.554Z,userservice-1,"{""severity"": ""INFO"", ""event"": ""request"", ""request-id"": ""70e7f3e4-a922-4aa3-acd0-848f24b4f0d0"", ""method"": ""POST"", ""path"": ""/api/auth/login"", ""status-code"": 204}"
566,2026-06-05T16:03:42.702Z,userservice-1,"{""severity"": ""ERROR"", ""event"": ""call"", ""request-id"": ""70e7f3e4-a922-4aa3-acd0-848f24b4f0d0"", ""target-service"": ""emailservice"", ""duration-ms"": 158}"
567,2026-06-05T16:03:42.725Z,emailservice-2,"{""severity"": ""ERROR"", ""event"": ""internal"", ""exception"": ""System.NullReferenceException: Object reference not set to an instance of an object.""}"
568,2026-06-05T16:03:42.725Z,contentservice-1,"{""severity"": ""INFO"", ""event"": ""request"", ""request-id"": ""e1332463-214a-433c-a199-727eac814e74"", ""method"": ""GET"", ""path"": ""/api/auth/logout"", ""status-code"": 204}"
569,2026-06-05T16:03:42.822Z,contentservice-0,"{""severity"": ""ERROR"", ""event"": ""call"", ""request-id"": ""e1332463-214a-433c-a199-727eac814e74"", ""target-service"": ""emailservice"", ""duration-ms"": 49}"
570,2026-06-05T16:03:42.914Z,emailservice-0,"{""severity"": ""ERROR"", ""event"": ""internal"", ""exception"": ""System.NullReferenceException: Object reference not set to an instance of an object.""}"
571,2026-06-05T16:03:42.914Z,gateway-1,"{""severity"": ""INFO"", ""event"": ""request"", ""request-id"": ""495fc7ca-7aff-4aff-9be5-ff2cd772237d"", ""method"": ""DELETE"", ""path"": ""/api/content/article"", ""status-code"": 204}"
572,2026-06-05T16:03:43.004Z,gateway-0,"{""severity"": ""ERROR"", ""event"": ""call"", ""request-id"": ""495fc7ca-7aff-4aff-9be5-ff2cd772237d"", ""target-service"": ""authservice"", ""duration-ms"": 110}"
573,2026-06-05T16:03:43.050Z,authservice-1,"{""severity"": ""ERROR"", ""event"": ""internal"", ""exception"": ""System.Data.DataException: Database query failed.""}"
574,2026-06-05T16:03:43.050Z,contentservice-0,"{""severity"": ""INFO"", ""event"": ""request"", ""request-id"": ""cb1f2dfc-2eb6-40ad-a762-6203c7945172"", ""method"": ""GET"", ""path"": ""/api/user/john"", ""status-code"": 200}"
575,2026-06-05T16:03:43.248Z,contentservice-1,"{""severity"": ""INFO"", ""event"": ""call"", ""request-id"": ""cb1f2dfc-2eb6-40ad-a762-6203c7945172"", ""target-service"": ""emailservice"", ""duration-ms"": 117}"
576,2026-06-05T16:03:43.302Z,emailservice-0,"{""severity"": ""INFO"", ""event"": ""request"", ""request-id"": ""cb1f2dfc-2eb6-40ad-a762-6203c7945172"", ""method"": ""GET"", ""path"": ""/api/auth/logout"", ""status-code"": 204}"
577,2026-06-05T16:03:43.302Z,contentservice-1,"{""severity"": ""INFO"", ""event"": ""request"", ""request-id"": ""96ae9248-87d7-4d6b-a94d-89c34b748e00"", ""method"": ""PUT"", ""path"": ""/api/content/notice"", ""status-code"": 200}"
578,2026-06-05T16:03:43.384Z,contentservice-1,"{""severity"": ""INFO"", ""event"": ""call"", ""request-id"": ""96ae9248-87d7-4d6b-a94d-89c34b748e00"", ""target-service"": ""emailservice"", ""duration-ms"": 35}"
579,2026-06-05T16:03:43.443Z,emailservice-2,"{""severity"": ""INFO"", ""event"": ""request"", ""request-id"": ""96ae9248-87d7-4d6b-a94d-89c34b748e00"", ""method"": ""GET"", ""path"": ""/api/user/john"", ""status-code"": 401}"
580,2026-06-05T16:03:43.443Z,userservice-1,"{""severity"": ""INFO"", ""event"": ""request"", ""request-id"": ""4e8ddfc6-a6c1-4e19-9a60-1e1f8c837628"", ""method"": ""DELETE"", ""path"": ""/api/content/notice"", ""status-code"": 403}"
581,2026-06-05T16:03:43.495Z,userservice-0,"{""severity"": ""ERROR"", ""event"": ""call"", ""request-id"": ""4e8ddfc6-a6c1-4e19-9a60-1e1f8c837628"", ""target-service"": ""authservice"", ""duration-ms"": 237}"
582,2026-06-05T16:03:43.507Z,authservice-2,"{""severity"": ""ERROR"", ""event"": ""internal"", ""exception"": ""System.InvalidOperationException: Failed to load service configuration.""}"
583,2026-06-05T16:03:44.701Z,contentservice-0,"{""severity"": ""INFO"", ""event"": ""request"", ""request-id"": ""7ebaa121-bd8a-4d8e-858f-66bfdbca6e8e"", ""method"": ""PUT"", ""path"": ""/api/content/notice"", ""status-code"": 201}"
584,2026-06-05T16:03:45.970Z,gateway-0,"{""severity"": ""INFO"", ""event"": ""call"", ""request-id"": ""41ecf7c5-1990-4c02-8180-412820534995"", ""target-service"": ""userservice"", ""duration-ms"": 298}"
585,2026-06-05T16:03:45.970Z,contentservice-0,"{""severity"": ""INFO"", ""event"": ""request"", ""request-id"": ""fa8fd278-b645-4efa-a49e-34260a0140ab"", ""method"": ""DELETE"", ""path"": ""/api/auth/logout"", ""status-code"": 400}"
586,2026-06-05T16:03:45.982Z,contentservice-1,"{""severity"": ""INFO"", ""event"": ""call"", ""request-id"": ""fa8fd278-b645-4efa-a49e-34260a0140ab"", ""target-service"": ""emailservice"", ""duration-ms"": 80}"
587,2026-06-05T16:03:46.067Z,emailservice-1,"{""severity"": ""INFO"", ""event"": ""request"", ""request-id"": ""fa8fd278-b645-4efa-a49e-34260a0140ab"", ""method"": ""DELETE"", ""path"": ""/api/auth/logout"", ""status-code"": 400}"
588,2026-06-05T16:03:47.991Z,userservice-0,"{""severity"": ""INFO"", ""event"": ""call"", ""request-id"": ""731539e5-9c79-40db-aedb-c536bf952fbc"", ""target-service"": ""authservice"", ""duration-ms"": 176}"
589,2026-06-05T16:03:47.991Z,contentservice-0,"{""severity"": ""INFO"", ""event"": ""request"", ""request-id"": ""5cce4e60-5f6c-4d6d-b5e0-e37afecc8cc8"", ""method"": ""DELETE"", ""path"": ""/api/user/alice"", ""status-code"": 400}"
590,2026-06-05T16:03:48.052Z,contentservice-1,"{""severity"": ""INFO"", ""event"": ""call"", ""request-id"": ""5cce4e60-5f6c-4d6d-b5e0-e37afecc8cc8"", ""target-service"": ""emailservice"", ""duration-ms"": 126}"
591,2026-06-05T16:03:48.101Z,emailservice-0,"{""severity"": ""INFO"", ""event"": ""request"", ""request-id"": ""5cce4e60-5f6c-4d6d-b5e0-e37afecc8cc8"", ""method"": ""DELETE"", ""path"": ""/api/auth/login"", ""status-code"": 403}"
592,2026-06-05T16:03:48.438Z,emailservice-2,"{""severity"": ""ERROR"", ""event"": ""internal"", ""exception"": ""System.InvalidOperationException: Failed to load service configuration.""}"
593,2026-06-05T16:03:48.438Z,userservice-1,"{""severity"": ""INFO"", ""event"": ""request"", ""request-id"": ""2bf3b07d-fd48-48d4-bd13-faad1b292f86"", ""method"": ""GET"", ""path"": ""/api/user/alice"", ""status-code"": 200}"
594,2026-06-05T16:03:48.499Z,userservice-1,"{""severity"": ""ERROR"", ""event"": ""call"", ""request-id"": ""2bf3b07d-fd48-48d4-bd13-faad1b292f86"", ""target-service"": ""emailservice"", ""duration-ms"": 250}"
595,2026-06-05T16:03:48.541Z,emailservice-1,"{""severity"": ""ERROR"", ""event"": ""internal"", ""exception"": ""System.NullReferenceException: Object reference not set to an instance of an object.""}"
596,2026-06-05T16:03:49.257Z,userservice-0,"{""severity"": ""WARNING"", ""event"": ""internal"", ""exception"": ""System.IO.IOException: Temporary file cache is unavailable.""}"
597,2026-06-05T16:03:49.257Z,gateway-0,"{""severity"": ""INFO"", ""event"": ""request"", ""request-id"": ""057a30c9-69be-4c3f-9e5b-8de2300a0959"", ""method"": ""PUT"", ""path"": ""/api/auth/login"", ""status-code"": 401}"
598,2026-06-05T16:03:49.353Z,gateway-0,"{""severity"": ""INFO"", ""event"": ""call"", ""request-id"": ""057a30c9-69be-4c3f-9e5b-8de2300a0959"", ""target-service"": ""contentservice"", ""duration-ms"": 168}"
599,2026-06-05T16:03:49.429Z,contentservice-0,"{""severity"": ""INFO"", ""event"": ""request"", ""request-id"": ""057a30c9-69be-4c3f-9e5b-8de2300a0959"", ""method"": ""DELETE"", ""path"": ""/api/user/john"", ""status-code"": 204}"
600,2026-06-05T16:03:49.519Z,contentservice-0,"{""severity"": ""INFO"", ""event"": ""call"", ""request-id"": ""057a30c9-69be-4c3f-9e5b-8de2300a0959"", ""target-service"": ""emailservice"", ""duration-ms"": 71}"
601,2026-06-05T16:03:49.615Z,emailservice-2,"{""severity"": ""INFO"", ""event"": ""request"", ""request-id"": ""057a30c9-69be-4c3f-9e5b-8de2300a0959"", ""method"": ""PUT"", ""path"": ""/api/auth/logout"", ""status-code"": 200}"
602,2026-06-05T16:03:49.615Z,gateway-1,"{""severity"": ""INFO"", ""event"": ""request"", ""request-id"": ""0ea9ea5c-cff6-4be3-8179-69659f87c45b"", ""method"": ""POST"", ""path"": ""/api/user/john"", ""status-code"": 204}"
603,2026-06-05T16:03:49.774Z,gateway-1,"{""severity"": ""INFO"", ""event"": ""call"", ""request-id"": ""0ea9ea5c-cff6-4be3-8179-69659f87c45b"", ""target-service"": ""contentservice"", ""duration-ms"": 204}"
604,2026-06-05T16:03:49.820Z,contentservice-0,"{""severity"": ""INFO"", ""event"": ""request"", ""request-id"": ""0ea9ea5c-cff6-4be3-8179-69659f87c45b"", ""method"": ""DELETE"", ""path"": ""/api/content/notice"", ""status-code"": 500}"
605,2026-06-05T16:03:50.018Z,contentservice-0,"{""severity"": ""INFO"", ""event"": ""call"", ""request-id"": ""0ea9ea5c-cff6-4be3-8179-69659f87c45b"", ""target-service"": ""emailservice"", ""duration-ms"": 205}"
606,2026-06-05T16:03:50.073Z,emailservice-0,"{""severity"": ""INFO"", ""event"": ""request"", ""request-id"": ""0ea9ea5c-cff6-4be3-8179-69659f87c45b"", ""method"": ""GET"", ""path"": ""/api/auth/login"", ""status-code"": 401}"
607,2026-06-05T16:03:50.561Z,emailservice-0,"{""severity"": ""WARNING"", ""event"": ""internal"", ""exception"": ""System.Net.Http.HttpRequestException: Remote service responded slowly.""}"
608,2026-06-05T16:03:52.130Z,contentservice-1,"{""severity"": ""WARNING"", ""event"": ""internal"", ""exception"": ""System.Net.Http.HttpRequestException: Remote service responded slowly.""}"
609,2026-06-05T16:03:52.130Z,contentservice-1,"{""severity"": ""INFO"", ""event"": ""request"", ""request-id"": ""24ffb7e5-47d4-4634-9c3c-854ce27b3c73"", ""method"": ""GET"", ""path"": ""/api/user/alice"", ""status-code"": 400}"
610,2026-06-05T16:03:52.137Z,contentservice-1,"{""severity"": ""INFO"", ""event"": ""call"", ""request-id"": ""24ffb7e5-47d4-4634-9c3c-854ce27b3c73"", ""target-service"": ""emailservice"", ""duration-ms"": 215}"
611,2026-06-05T16:03:52.148Z,emailservice-2,"{""severity"": ""INFO"", ""event"": ""request"", ""request-id"": ""24ffb7e5-47d4-4634-9c3c-854ce27b3c73"", ""method"": ""PUT"", ""path"": ""/api/auth/logout"", ""status-code"": 404}"
612,2026-06-05T16:03:54.089Z,gateway-0,"{""severity"": ""INFO"", ""event"": ""request"", ""request-id"": ""0f679bf0-a0d4-476c-b1d9-8f31e065fc8a"", ""method"": ""DELETE"", ""path"": ""/api/content/article"", ""status-code"": 404}"
613,2026-06-05T16:03:55.477Z,gateway-0,"{""severity"": ""INFO"", ""event"": ""request"", ""request-id"": ""a2b240f4-b276-478d-9be2-523149a80826"", ""method"": ""POST"", ""path"": ""/api/user/john"", ""status-code"": 400}"
614,2026-06-05T16:03:55.477Z,gateway-1,"{""severity"": ""INFO"", ""event"": ""request"", ""request-id"": ""6ddaa63d-3046-4a70-a57a-39e7fb986d9f"", ""method"": ""POST"", ""path"": ""/api/auth/login"", ""status-code"": 404}"
615,2026-06-05T16:03:55.555Z,gateway-1,"{""severity"": ""INFO"", ""event"": ""call"", ""request-id"": ""6ddaa63d-3046-4a70-a57a-39e7fb986d9f"", ""target-service"": ""authservice"", ""duration-ms"": 228}"
616,2026-06-05T16:03:55.641Z,authservice-1,"{""severity"": ""INFO"", ""event"": ""request"", ""request-id"": ""6ddaa63d-3046-4a70-a57a-39e7fb986d9f"", ""method"": ""PUT"", ""path"": ""/api/content/notice"", ""status-code"": 400}"
617,2026-06-05T16:03:56.546Z,gateway-1,"{""severity"": ""ERROR"", ""event"": ""internal"", ""exception"": ""System.InvalidOperationException: Failed to load service configuration.""}"
618,2026-06-05T16:03:57.238Z,userservice-1,"{""severity"": ""INFO"", ""event"": ""call"", ""request-id"": ""4c28d636-152d-4b9b-9b2c-02e42de92a05"", ""target-service"": ""emailservice"", ""duration-ms"": 110}"
619,2026-06-05T16:03:57.864Z,emailservice-1,"{""severity"": ""INFO"", ""event"": ""request"", ""request-id"": ""23c944df-590b-470f-aec3-27a4645d3da3"", ""method"": ""PUT"", ""path"": ""/api/auth/login"", ""status-code"": 500}"
620,2026-06-05T16:03:59.278Z,userservice-0,"{""severity"": ""INFO"", ""event"": ""request"", ""request-id"": ""9f7e1399-a492-4293-845d-c0d10b2041b7"", ""method"": ""GET"", ""path"": ""/api/content/article"", ""status-code"": 200}"
621,2026-06-05T16:03:59.561Z,userservice-0,"{""severity"": ""INFO"", ""event"": ""request"", ""request-id"": ""d41132fb-8ad9-4721-b579-8d83bd07f29e"", ""method"": ""POST"", ""path"": ""/api/auth/logout"", ""status-code"": 404}"
622,2026-06-05T16:04:00.959Z,authservice-2,"{""severity"": ""INFO"", ""event"": ""request"", ""request-id"": ""26ad1080-a69d-47b1-b614-4a49ea41cf32"", ""method"": ""POST"", ""path"": ""/api/content/notice"", ""status-code"": 201}"
623,2026-06-05T16:04:02.460Z,gateway-0,"{""severity"": ""INFO"", ""event"": ""request"", ""request-id"": ""845ec509-2953-45a9-bef3-4eb1f453b2b0"", ""method"": ""POST"", ""path"": ""/api/user/john"", ""status-code"": 400}"
624,2026-06-05T16:04:02.460Z,userservice-1,"{""severity"": ""INFO"", ""event"": ""request"", ""request-id"": ""e16653e8-8ec6-4eec-8092-eed75cfcdbde"", ""method"": ""POST"", ""path"": ""/api/auth/logout"", ""status-code"": 204}"
625,2026-06-05T16:04:02.658Z,userservice-0,"{""severity"": ""INFO"", ""event"": ""call"", ""request-id"": ""e16653e8-8ec6-4eec-8092-eed75cfcdbde"", ""target-service"": ""emailservice"", ""duration-ms"": 56}"
626,2026-06-05T16:04:02.749Z,emailservice-0,"{""severity"": ""INFO"", ""event"": ""request"", ""request-id"": ""e16653e8-8ec6-4eec-8092-eed75cfcdbde"", ""method"": ""GET"", ""path"": ""/api/content/notice"", ""status-code"": 200}"
627,2026-06-05T16:04:02.749Z,gateway-1,"{""severity"": ""INFO"", ""event"": ""request"", ""request-id"": ""a98f977d-c0df-43e1-a1a9-ecc4d007c0d7"", ""method"": ""PUT"", ""path"": ""/api/user/john"", ""status-code"": 200}"
628,2026-06-05T16:04:02.939Z,gateway-1,"{""severity"": ""INFO"", ""event"": ""call"", ""request-id"": ""a98f977d-c0df-43e1-a1a9-ecc4d007c0d7"", ""target-service"": ""contentservice"", ""duration-ms"": 120}"
629,2026-06-05T16:04:02.978Z,contentservice-1,"{""severity"": ""INFO"", ""event"": ""request"", ""request-id"": ""a98f977d-c0df-43e1-a1a9-ecc4d007c0d7"", ""method"": ""POST"", ""path"": ""/api/user/john"", ""status-code"": 200}"
630,2026-06-05T16:04:03.039Z,contentservice-0,"{""severity"": ""INFO"", ""event"": ""call"", ""request-id"": ""a98f977d-c0df-43e1-a1a9-ecc4d007c0d7"", ""target-service"": ""emailservice"", ""duration-ms"": 208}"
631,2026-06-05T16:04:03.131Z,emailservice-0,"{""severity"": ""INFO"", ""event"": ""request"", ""request-id"": ""a98f977d-c0df-43e1-a1a9-ecc4d007c0d7"", ""method"": ""DELETE"", ""path"": ""/api/user/alice"", ""status-code"": 400}"
632,2026-06-05T16:04:03.185Z,contentservice-0,"{""severity"": ""INFO"", ""event"": ""call"", ""request-id"": ""d270b1ad-2aed-4916-8842-43c85e10a822"", ""target-service"": ""emailservice"", ""duration-ms"": 261}"
633,2026-06-05T16:04:03.407Z,gateway-0,"{""severity"": ""INFO"", ""event"": ""call"", ""request-id"": ""59b815ef-1c13-41d8-99a6-a0f4261ba9ff"", ""target-service"": ""contentservice"", ""duration-ms"": 231}"
634,2026-06-05T16:04:03.407Z,userservice-1,"{""severity"": ""INFO"", ""event"": ""request"", ""request-id"": ""f4a06dd1-35ef-429c-97c9-f3c862f8f5e6"", ""method"": ""PUT"", ""path"": ""/api/auth/login"", ""status-code"": 400}"
635,2026-06-05T16:04:03.552Z,userservice-1,"{""severity"": ""ERROR"", ""event"": ""call"", ""request-id"": ""f4a06dd1-35ef-429c-97c9-f3c862f8f5e6"", ""target-service"": ""authservice"", ""duration-ms"": 235}"
636,2026-06-05T16:04:03.640Z,authservice-2,"{""severity"": ""ERROR"", ""event"": ""internal"", ""exception"": ""System.Data.DataException: Database query failed.""}"
637,2026-06-05T16:04:03.640Z,userservice-1,"{""severity"": ""INFO"", ""event"": ""request"", ""request-id"": ""a8656085-ef2d-442c-ae97-74eebde42c1d"", ""method"": ""PUT"", ""path"": ""/api/auth/login"", ""status-code"": 200}"
638,2026-06-05T16:04:03.840Z,userservice-1,"{""severity"": ""INFO"", ""event"": ""call"", ""request-id"": ""a8656085-ef2d-442c-ae97-74eebde42c1d"", ""target-service"": ""emailservice"", ""duration-ms"": 68}"
639,2026-06-05T16:04:03.867Z,emailservice-1,"{""severity"": ""INFO"", ""event"": ""request"", ""request-id"": ""a8656085-ef2d-442c-ae97-74eebde42c1d"", ""method"": ""PUT"", ""path"": ""/api/content/article"", ""status-code"": 403}"
640,2026-06-05T16:04:03.970Z,gateway-0,"{""severity"": ""INFO"", ""event"": ""call"", ""request-id"": ""7114df6a-7848-48cf-8433-da936f3d82e0"", ""target-service"": ""authservice"", ""duration-ms"": 60}"
641,2026-06-05T16:04:03.970Z,userservice-1,"{""severity"": ""INFO"", ""event"": ""request"", ""request-id"": ""09b6979c-5978-4b9b-b421-fe510c2a7dec"", ""method"": ""PUT"", ""path"": ""/api/auth/login"", ""status-code"": 204}"
642,2026-06-05T16:04:04.119Z,userservice-1,"{""severity"": ""ERROR"", ""event"": ""call"", ""request-id"": ""09b6979c-5978-4b9b-b421-fe510c2a7dec"", ""target-service"": ""authservice"", ""duration-ms"": 57}"
643,2026-06-05T16:04:04.150Z,authservice-0,"{""severity"": ""ERROR"", ""event"": ""internal"", ""exception"": ""System.NullReferenceException: Object reference not set to an instance of an object.""}"
644,2026-06-05T16:04:04.211Z,userservice-1,"{""severity"": ""WARNING"", ""event"": ""internal"", ""exception"": ""System.Net.Http.HttpRequestException: Remote service responded slowly.""}"
645,2026-06-05T16:04:04.211Z,contentservice-0,"{""severity"": ""INFO"", ""event"": ""request"", ""request-id"": ""8e29a1a2-65ca-43ec-9064-fcd45155c871"", ""method"": ""DELETE"", ""path"": ""/api/content/notice"", ""status-code"": 200}"
646,2026-06-05T16:04:04.217Z,contentservice-0,"{""severity"": ""INFO"", ""event"": ""call"", ""request-id"": ""8e29a1a2-65ca-43ec-9064-fcd45155c871"", ""target-service"": ""emailservice"", ""duration-ms"": 203}"
647,2026-06-05T16:04:04.234Z,emailservice-2,"{""severity"": ""INFO"", ""event"": ""request"", ""request-id"": ""8e29a1a2-65ca-43ec-9064-fcd45155c871"", ""method"": ""POST"", ""path"": ""/api/user/alice"", ""status-code"": 201}"
648,2026-06-05T16:04:06.169Z,gateway-1,"{""severity"": ""INFO"", ""event"": ""call"", ""request-id"": ""dbd25d84-dc15-40ec-b063-e0e5dda3b20c"", ""target-service"": ""authservice"", ""duration-ms"": 101}"
649,2026-06-05T16:04:06.522Z,authservice-1,"{""severity"": ""INFO"", ""event"": ""request"", ""request-id"": ""28598448-af27-4df9-8911-7591ae2bf41e"", ""method"": ""POST"", ""path"": ""/api/content/notice"", ""status-code"": 500}"
650,2026-06-05T16:04:07.583Z,gateway-1,"{""severity"": ""INFO"", ""event"": ""call"", ""request-id"": ""a95c925f-9a6c-4a61-bfde-0acbe0ddf2f7"", ""target-service"": ""authservice"", ""duration-ms"": 135}"
651,2026-06-05T16:04:07.998Z,userservice-1,"{""severity"": ""INFO"", ""event"": ""request"", ""request-id"": ""a80a16ac-b464-4dca-b2f1-9e3edd325d40"", ""method"": ""GET"", ""path"": ""/api/content/article"", ""status-code"": 201}"
652,2026-06-05T16:04:09.398Z,userservice-0,"{""severity"": ""INFO"", ""event"": ""request"", ""request-id"": ""6d02366b-51b0-4c93-9d6d-faabcfdd5d0d"", ""method"": ""PUT"", ""path"": ""/api/user/alice"", ""status-code"": 404}"
653,2026-06-05T16:04:10.226Z,userservice-1,"{""severity"": ""ERROR"", ""event"": ""internal"", ""exception"": ""System.NullReferenceException: Object reference not set to an instance of an object.""}"
654,2026-06-05T16:04:10.436Z,contentservice-0,"{""severity"": ""INFO"", ""event"": ""request"", ""request-id"": ""4dfb8170-1059-44e4-b9c2-8cd5a1e6761f"", ""method"": ""POST"", ""path"": ""/api/user/alice"", ""status-code"": 400}"
655,2026-06-05T16:04:11.917Z,userservice-0,"{""severity"": ""WARNING"", ""event"": ""internal"", ""exception"": ""System.TimeoutException: Request processing is slower than expected.""}"
656,2026-06-05T16:04:13.187Z,gateway-1,"{""severity"": ""ERROR"", ""event"": ""internal"", ""exception"": ""System.Data.DataException: Database query failed.""}"
657,2026-06-05T16:04:13.187Z,userservice-1,"{""severity"": ""INFO"", ""event"": ""request"", ""request-id"": ""fcf64ed2-bea2-4977-84cb-1a9e9416f0b5"", ""method"": ""PUT"", ""path"": ""/api/content/notice"", ""status-code"": 401}"
658,2026-06-05T16:04:13.294Z,userservice-0,"{""severity"": ""INFO"", ""event"": ""call"", ""request-id"": ""fcf64ed2-bea2-4977-84cb-1a9e9416f0b5"", ""target-service"": ""authservice"", ""duration-ms"": 189}"
659,2026-06-05T16:04:13.376Z,authservice-2,"{""severity"": ""INFO"", ""event"": ""request"", ""request-id"": ""fcf64ed2-bea2-4977-84cb-1a9e9416f0b5"", ""method"": ""PUT"", ""path"": ""/api/content/article"", ""status-code"": 201}"
660,2026-06-05T16:04:13.376Z,gateway-1,"{""severity"": ""INFO"", ""event"": ""request"", ""request-id"": ""be536bbf-3edd-490a-bd82-0abdc5bb88a5"", ""method"": ""PUT"", ""path"": ""/api/auth/login"", ""status-code"": 200}"
661,2026-06-05T16:04:13.566Z,gateway-0,"{""severity"": ""ERROR"", ""event"": ""call"", ""request-id"": ""be536bbf-3edd-490a-bd82-0abdc5bb88a5"", ""target-service"": ""authservice"", ""duration-ms"": 75}"
662,2026-06-05T16:04:13.582Z,authservice-2,"{""severity"": ""ERROR"", ""event"": ""internal"", ""exception"": ""System.UnauthorizedAccessException: Access to protected resource is denied.""}"
663,2026-06-05T16:04:13.931Z,gateway-0,"{""severity"": ""ERROR"", ""event"": ""internal"", ""exception"": ""System.NullReferenceException: Object reference not set to an instance of an object.""}"
664,2026-06-05T16:04:15.768Z,contentservice-0,"{""severity"": ""WARNING"", ""event"": ""internal"", ""exception"": ""System.TimeoutException: Request processing is slower than expected.""}"
665,2026-06-05T16:04:17.485Z,userservice-1,"{""severity"": ""WARNING"", ""event"": ""internal"", ""exception"": ""System.TimeoutException: Request processing is slower than expected.""}"
666,2026-06-05T16:04:17.485Z,contentservice-0,"{""severity"": ""INFO"", ""event"": ""request"", ""request-id"": ""27270175-9281-4c6a-9e6a-221a12ea0cad"", ""method"": ""DELETE"", ""path"": ""/api/user/john"", ""status-code"": 403}"
667,2026-06-05T16:04:17.607Z,contentservice-1,"{""severity"": ""ERROR"", ""event"": ""call"", ""request-id"": ""27270175-9281-4c6a-9e6a-221a12ea0cad"", ""target-service"": ""emailservice"", ""duration-ms"": 188}"
668,2026-06-05T16:04:17.659Z,emailservice-1,"{""severity"": ""ERROR"", ""event"": ""internal"", ""exception"": ""System.Data.DataException: Database query failed.""}"
669,2026-06-05T16:04:17.659Z,userservice-0,"{""severity"": ""INFO"", ""event"": ""request"", ""request-id"": ""07835aa6-278e-4b44-b4f6-a3756d181eaf"", ""method"": ""DELETE"", ""path"": ""/api/content/article"", ""status-code"": 200}"
670,2026-06-05T16:04:17.824Z,userservice-0,"{""severity"": ""ERROR"", ""event"": ""call"", ""request-id"": ""07835aa6-278e-4b44-b4f6-a3756d181eaf"", ""target-service"": ""authservice"", ""duration-ms"": 199}"
671,2026-06-05T16:04:17.892Z,authservice-1,"{""severity"": ""ERROR"", ""event"": ""internal"", ""exception"": ""System.InvalidOperationException: Failed to load service configuration.""}"
672,2026-06-05T16:04:19.008Z,userservice-1,"{""severity"": ""WARNING"", ""event"": ""internal"", ""exception"": ""System.IO.IOException: Temporary file cache is unavailable.""}"
673,2026-06-05T16:04:19.008Z,userservice-0,"{""severity"": ""INFO"", ""event"": ""request"", ""request-id"": ""b907fede-5140-41ea-8b9c-d4a8f7393e61"", ""method"": ""PUT"", ""path"": ""/api/user/alice"", ""status-code"": 401}"
674,2026-06-05T16:04:19.026Z,userservice-1,"{""severity"": ""INFO"", ""event"": ""call"", ""request-id"": ""b907fede-5140-41ea-8b9c-d4a8f7393e61"", ""target-service"": ""emailservice"", ""duration-ms"": 78}"
675,2026-06-05T16:04:19.096Z,emailservice-2,"{""severity"": ""INFO"", ""event"": ""request"", ""request-id"": ""b907fede-5140-41ea-8b9c-d4a8f7393e61"", ""method"": ""POST"", ""path"": ""/api/content/article"", ""status-code"": 204}"
676,2026-06-05T16:04:20.451Z,emailservice-1,"{""severity"": ""INFO"", ""event"": ""request"", ""request-id"": ""071d49b0-6c80-4842-8b83-3864fb7bb534"", ""method"": ""PUT"", ""path"": ""/api/user/alice"", ""status-code"": 500}"
677,2026-06-05T16:04:22.373Z,gateway-1,"{""severity"": ""INFO"", ""event"": ""call"", ""request-id"": ""d35791eb-c482-436b-a00b-ee3e5d5cc4a4"", ""target-service"": ""authservice"", ""duration-ms"": 243}"
678,2026-06-05T16:04:23.447Z,contentservice-0,"{""severity"": ""INFO"", ""event"": ""call"", ""request-id"": ""41100d0e-5f10-40e1-89ec-5e5c54b63124"", ""target-service"": ""emailservice"", ""duration-ms"": 243}"
679,2026-06-05T16:04:23.447Z,userservice-1,"{""severity"": ""INFO"", ""event"": ""request"", ""request-id"": ""30c7ee52-2415-4ded-8b79-050dd3e70f3a"", ""method"": ""GET"", ""path"": ""/api/auth/logout"", ""status-code"": 204}"
680,2026-06-05T16:04:23.481Z,userservice-0,"{""severity"": ""ERROR"", ""event"": ""call"", ""request-id"": ""30c7ee52-2415-4ded-8b79-050dd3e70f3a"", ""target-service"": ""emailservice"", ""duration-ms"": 147}"
681,2026-06-05T16:04:23.580Z,emailservice-2,"{""severity"": ""ERROR"", ""event"": ""internal"", ""exception"": ""System.NullReferenceException: Object reference not set to an instance of an object.""}"
682,2026-06-05T16:04:23.580Z,gateway-1,"{""severity"": ""INFO"", ""event"": ""request"", ""request-id"": ""63156d64-6f68-49c2-b48d-d5cbc9dd56cd"", ""method"": ""GET"", ""path"": ""/api/user/john"", ""status-code"": 201}"
683,2026-06-05T16:04:23.624Z,gateway-1,"{""severity"": ""INFO"", ""event"": ""call"", ""request-id"": ""63156d64-6f68-49c2-b48d-d5cbc9dd56cd"", ""target-service"": ""userservice"", ""duration-ms"": 73}"
684,2026-06-05T16:04:23.654Z,userservice-1,"{""severity"": ""INFO"", ""event"": ""request"", ""request-id"": ""63156d64-6f68-49c2-b48d-d5cbc9dd56cd"", ""method"": ""GET"", ""path"": ""/api/content/article"", ""status-code"": 500}"
685,2026-06-05T16:04:23.828Z,userservice-0,"{""severity"": ""INFO"", ""event"": ""call"", ""request-id"": ""63156d64-6f68-49c2-b48d-d5cbc9dd56cd"", ""target-service"": ""authservice"", ""duration-ms"": 239}"
686,2026-06-05T16:04:23.864Z,authservice-2,"{""severity"": ""INFO"", ""event"": ""request"", ""request-id"": ""63156d64-6f68-49c2-b48d-d5cbc9dd56cd"", ""method"": ""PUT"", ""path"": ""/api/user/alice"", ""status-code"": 200}"
687,2026-06-05T16:04:23.896Z,authservice-1,"{""severity"": ""INFO"", ""event"": ""request"", ""request-id"": ""9c488ffb-8288-477f-84e6-1098e1ce83fe"", ""method"": ""PUT"", ""path"": ""/api/auth/login"", ""status-code"": 403}"
688,2026-06-05T16:04:23.896Z,contentservice-1,"{""severity"": ""INFO"", ""event"": ""request"", ""request-id"": ""833fd399-121c-473b-ba2c-244ba47fe12a"", ""method"": ""GET"", ""path"": ""/api/user/john"", ""status-code"": 401}"
689,2026-06-05T16:04:23.942Z,contentservice-1,"{""severity"": ""INFO"", ""event"": ""call"", ""request-id"": ""833fd399-121c-473b-ba2c-244ba47fe12a"", ""target-service"": ""emailservice"", ""duration-ms"": 212}"
690,2026-06-05T16:04:24.041Z,emailservice-1,"{""severity"": ""INFO"", ""event"": ""request"", ""request-id"": ""833fd399-121c-473b-ba2c-244ba47fe12a"", ""method"": ""POST"", ""path"": ""/api/content/article"", ""status-code"": 500}"
691,2026-06-05T16:04:24.567Z,contentservice-1,"{""severity"": ""INFO"", ""event"": ""call"", ""request-id"": ""94ffbe4c-7e99-4b1f-8b7f-df196729352c"", ""target-service"": ""emailservice"", ""duration-ms"": 23}"
692,2026-06-05T16:04:25.796Z,userservice-1,"{""severity"": ""INFO"", ""event"": ""request"", ""request-id"": ""bd5434b0-ae71-47da-96e6-51b9458a3f9c"", ""method"": ""PUT"", ""path"": ""/api/content/article"", ""status-code"": 204}"
693,2026-06-05T16:04:25.796Z,contentservice-0,"{""severity"": ""INFO"", ""event"": ""request"", ""request-id"": ""161ac9da-d1ee-4a4d-9841-3784d9e35805"", ""method"": ""PUT"", ""path"": ""/api/content/article"", ""status-code"": 204}"
694,2026-06-05T16:04:25.887Z,contentservice-1,"{""severity"": ""INFO"", ""event"": ""call"", ""request-id"": ""161ac9da-d1ee-4a4d-9841-3784d9e35805"", ""target-service"": ""emailservice"", ""duration-ms"": 169}"
695,2026-06-05T16:04:25.952Z,emailservice-0,"{""severity"": ""INFO"", ""event"": ""request"", ""request-id"": ""161ac9da-d1ee-4a4d-9841-3784d9e35805"", ""method"": ""GET"", ""path"": ""/api/user/alice"", ""status-code"": 500}"
696,2026-06-05T16:04:25.952Z,contentservice-1,"{""severity"": ""INFO"", ""event"": ""request"", ""request-id"": ""c2543ddf-c519-459b-b008-75f53f21826c"", ""method"": ""POST"", ""path"": ""/api/content/notice"", ""status-code"": 500}"
697,2026-06-05T16:04:26.133Z,contentservice-0,"{""severity"": ""INFO"", ""event"": ""call"", ""request-id"": ""c2543ddf-c519-459b-b008-75f53f21826c"", ""target-service"": ""emailservice"", ""duration-ms"": 186}"
698,2026-06-05T16:04:26.152Z,emailservice-2,"{""severity"": ""INFO"", ""event"": ""request"", ""request-id"": ""c2543ddf-c519-459b-b008-75f53f21826c"", ""method"": ""PUT"", ""path"": ""/api/content/article"", ""status-code"": 201}"
699,2026-06-05T16:04:27.020Z,userservice-1,"{""severity"": ""INFO"", ""event"": ""call"", ""request-id"": ""9ed0da3f-0e7e-49e5-aa31-9f8d15249fae"", ""target-service"": ""emailservice"", ""duration-ms"": 229}"
700,2026-06-05T16:04:27.199Z,userservice-0,"{""severity"": ""INFO"", ""event"": ""call"", ""request-id"": ""eb81dfd1-8ede-4175-9083-b9a09f8b3655"", ""target-service"": ""authservice"", ""duration-ms"": 165}"
701,2026-06-05T16:04:28.723Z,gateway-1,"{""severity"": ""INFO"", ""event"": ""call"", ""request-id"": ""0178c178-d589-43c3-a9ce-2f5cc87e1ba3"", ""target-service"": ""contentservice"", ""duration-ms"": 211}"
702,2026-06-05T16:04:28.723Z,contentservice-0,"{""severity"": ""INFO"", ""event"": ""request"", ""request-id"": ""e9556a0d-eec6-474d-ab6f-6e4b1c6ae8bf"", ""method"": ""POST"", ""path"": ""/api/content/article"", ""status-code"": 403}"
703,2026-06-05T16:04:28.779Z,contentservice-1,"{""severity"": ""INFO"", ""event"": ""call"", ""request-id"": ""e9556a0d-eec6-474d-ab6f-6e4b1c6ae8bf"", ""target-service"": ""emailservice"", ""duration-ms"": 5}"
704,2026-06-05T16:04:28.815Z,emailservice-0,"{""severity"": ""INFO"", ""event"": ""request"", ""request-id"": ""e9556a0d-eec6-474d-ab6f-6e4b1c6ae8bf"", ""method"": ""DELETE"", ""path"": ""/api/user/john"", ""status-code"": 401}"
705,2026-06-05T16:04:30.206Z,gateway-1,"{""severity"": ""INFO"", ""event"": ""call"", ""request-id"": ""fa3a967d-f1d6-4286-ac35-c7471b73f6de"", ""target-service"": ""authservice"", ""duration-ms"": 94}"
706,2026-06-05T16:04:32.112Z,gateway-1,"{""severity"": ""WARNING"", ""event"": ""internal"", ""exception"": ""System.IO.IOException: Temporary file cache is unavailable.""}"
707,2026-06-05T16:04:33.535Z,userservice-1,"{""severity"": ""INFO"", ""event"": ""request"", ""request-id"": ""19d132c9-abf5-402a-b13b-40c99003961f"", ""method"": ""DELETE"", ""path"": ""/api/user/alice"", ""status-code"": 200}"
708,2026-06-05T16:04:33.535Z,userservice-1,"{""severity"": ""INFO"", ""event"": ""request"", ""request-id"": ""c7861c83-7f2d-4eec-b429-387a74894a0f"", ""method"": ""POST"", ""path"": ""/api/auth/logout"", ""status-code"": 500}"
709,2026-06-05T16:04:33.636Z,userservice-1,"{""severity"": ""ERROR"", ""event"": ""call"", ""request-id"": ""c7861c83-7f2d-4eec-b429-387a74894a0f"", ""target-service"": ""emailservice"", ""duration-ms"": 74}"
710,2026-06-05T16:04:33.696Z,emailservice-0,"{""severity"": ""ERROR"", ""event"": ""internal"", ""exception"": ""System.Data.DataException: Database query failed.""}"
711,2026-06-05T16:04:33.696Z,contentservice-0,"{""severity"": ""INFO"", ""event"": ""request"", ""request-id"": ""1e1b9d5b-0c55-412f-9af4-4c41b536355b"", ""method"": ""GET"", ""path"": ""/api/auth/logout"", ""status-code"": 201}"
712,2026-06-05T16:04:33.770Z,contentservice-1,"{""severity"": ""INFO"", ""event"": ""call"", ""request-id"": ""1e1b9d5b-0c55-412f-9af4-4c41b536355b"", ""target-service"": ""emailservice"", ""duration-ms"": 28}"
713,2026-06-05T16:04:33.812Z,emailservice-0,"{""severity"": ""INFO"", ""event"": ""request"", ""request-id"": ""1e1b9d5b-0c55-412f-9af4-4c41b536355b"", ""method"": ""GET"", ""path"": ""/api/content/notice"", ""status-code"": 500}"
714,2026-06-05T16:04:34.870Z,userservice-1,"{""severity"": ""INFO"", ""event"": ""request"", ""request-id"": ""3154082a-b36a-498c-a473-f1f7583db657"", ""method"": ""DELETE"", ""path"": ""/api/auth/logout"", ""status-code"": 200}"
715,2026-06-05T16:04:34.870Z,userservice-1,"{""severity"": ""INFO"", ""event"": ""request"", ""request-id"": ""5245f095-cac7-40c8-9c50-621d0ae67082"", ""method"": ""GET"", ""path"": ""/api/content/notice"", ""status-code"": 201}"
716,2026-06-05T16:04:35.005Z,userservice-0,"{""severity"": ""INFO"", ""event"": ""call"", ""request-id"": ""5245f095-cac7-40c8-9c50-621d0ae67082"", ""target-service"": ""emailservice"", ""duration-ms"": 89}"
717,2026-06-05T16:04:35.011Z,emailservice-2,"{""severity"": ""INFO"", ""event"": ""request"", ""request-id"": ""5245f095-cac7-40c8-9c50-621d0ae67082"", ""method"": ""POST"", ""path"": ""/api/user/john"", ""status-code"": 200}"
718,2026-06-05T16:04:35.011Z,userservice-1,"{""severity"": ""INFO"", ""event"": ""request"", ""request-id"": ""796bbc6e-6966-4697-9e1c-219b359d42f5"", ""method"": ""PUT"", ""path"": ""/api/auth/login"", ""status-code"": 404}"
719,2026-06-05T16:04:35.174Z,userservice-0,"{""severity"": ""INFO"", ""event"": ""call"", ""request-id"": ""796bbc6e-6966-4697-9e1c-219b359d42f5"", ""target-service"": ""authservice"", ""duration-ms"": 101}"
720,2026-06-05T16:04:35.186Z,authservice-0,"{""severity"": ""INFO"", ""event"": ""request"", ""request-id"": ""796bbc6e-6966-4697-9e1c-219b359d42f5"", ""method"": ""GET"", ""path"": ""/api/user/john"", ""status-code"": 403}"
721,2026-06-05T16:04:35.965Z,gateway-1,"{""severity"": ""INFO"", ""event"": ""call"", ""request-id"": ""fd88b179-eba0-415f-869b-8aa7253fe70d"", ""target-service"": ""userservice"", ""duration-ms"": 236}"
722,2026-06-05T16:04:36.821Z,contentservice-0,"{""severity"": ""INFO"", ""event"": ""request"", ""request-id"": ""28d76aa0-63a3-437f-8c68-1fcb50fe4002"", ""method"": ""GET"", ""path"": ""/api/auth/login"", ""status-code"": 400}"
723,2026-06-05T16:04:37.116Z,userservice-1,"{""severity"": ""INFO"", ""event"": ""call"", ""request-id"": ""2ba6054c-1dde-4539-92db-d47fd4f49f26"", ""target-service"": ""authservice"", ""duration-ms"": 120}"
724,2026-06-05T16:04:37.986Z,userservice-0,"{""severity"": ""INFO"", ""event"": ""call"", ""request-id"": ""c51cb3f5-8777-4ca5-9051-f37c37fb5dac"", ""target-service"": ""emailservice"", ""duration-ms"": 51}"
725,2026-06-05T16:04:38.315Z,contentservice-0,"{""severity"": ""INFO"", ""event"": ""request"", ""request-id"": ""0b2da89e-1336-4b29-a56d-887b858accb6"", ""method"": ""PUT"", ""path"": ""/api/content/notice"", ""status-code"": 200}"
726,2026-06-05T16:04:38.797Z,contentservice-0,"{""severity"": ""INFO"", ""event"": ""call"", ""request-id"": ""1843ead0-b86e-4abc-bf1f-eca8ab1847bf"", ""target-service"": ""emailservice"", ""duration-ms"": 207}"
727,2026-06-05T16:04:39.502Z,userservice-0,"{""severity"": ""INFO"", ""event"": ""request"", ""request-id"": ""6979993f-462f-4c6a-a242-34948282ea68"", ""method"": ""POST"", ""path"": ""/api/content/article"", ""status-code"": 200}"
728,2026-06-05T16:04:39.885Z,authservice-2,"{""severity"": ""INFO"", ""event"": ""request"", ""request-id"": ""e325a613-16e1-4f20-818f-5a2bd85ec9e5"", ""method"": ""POST"", ""path"": ""/api/user/alice"", ""status-code"": 401}"
729,2026-06-05T16:04:41.367Z,userservice-0,"{""severity"": ""INFO"", ""event"": ""call"", ""request-id"": ""531e446b-89b3-4223-99c6-665ff955e1db"", ""target-service"": ""emailservice"", ""duration-ms"": 45}"
730,2026-06-05T16:04:41.838Z,userservice-1,"{""severity"": ""INFO"", ""event"": ""call"", ""request-id"": ""7649ad14-7e3d-45a2-ba1b-a7ab25dd1599"", ""target-service"": ""emailservice"", ""duration-ms"": 167}"
731,2026-06-05T16:04:42.640Z,contentservice-0,"{""severity"": ""INFO"", ""event"": ""call"", ""request-id"": ""61d3101f-0e54-4b88-9147-47ff5aa06e36"", ""target-service"": ""emailservice"", ""duration-ms"": 4}"
732,2026-06-05T16:04:44.091Z,gateway-1,"{""severity"": ""INFO"", ""event"": ""request"", ""request-id"": ""2b70b6b8-0fa7-4685-93a3-79b1e7a9fd8b"", ""method"": ""POST"", ""path"": ""/api/auth/logout"", ""status-code"": 200}"
733,2026-06-05T16:04:44.091Z,contentservice-1,"{""severity"": ""INFO"", ""event"": ""request"", ""request-id"": ""1eff71e5-853e-4d75-a593-64aa46a2782d"", ""method"": ""DELETE"", ""path"": ""/api/user/john"", ""status-code"": 401}"
734,2026-06-05T16:04:44.184Z,contentservice-0,"{""severity"": ""INFO"", ""event"": ""call"", ""request-id"": ""1eff71e5-853e-4d75-a593-64aa46a2782d"", ""target-service"": ""emailservice"", ""duration-ms"": 87}"
735,2026-06-05T16:04:44.199Z,emailservice-1,"{""severity"": ""INFO"", ""event"": ""request"", ""request-id"": ""1eff71e5-853e-4d75-a593-64aa46a2782d"", ""method"": ""POST"", ""path"": ""/api/user/alice"", ""status-code"": 404}"
736,2026-06-05T16:04:44.199Z,contentservice-0,"{""severity"": ""INFO"", ""event"": ""request"", ""request-id"": ""9bfece47-d84f-4229-975d-0a1c36b8da8f"", ""method"": ""GET"", ""path"": ""/api/user/alice"", ""status-code"": 403}"
737,2026-06-05T16:04:44.305Z,contentservice-0,"{""severity"": ""ERROR"", ""event"": ""call"", ""request-id"": ""9bfece47-d84f-4229-975d-0a1c36b8da8f"", ""target-service"": ""emailservice"", ""duration-ms"": 35}"
738,2026-06-05T16:04:44.362Z,emailservice-0,"{""severity"": ""ERROR"", ""event"": ""internal"", ""exception"": ""System.InvalidOperationException: Failed to load service configuration.""}"
739,2026-06-05T16:04:44.889Z,contentservice-0,"{""severity"": ""INFO"", ""event"": ""call"", ""request-id"": ""e75380b0-d394-4261-a83f-09c329782fed"", ""target-service"": ""emailservice"", ""duration-ms"": 276}"
740,2026-06-05T16:04:44.889Z,userservice-1,"{""severity"": ""INFO"", ""event"": ""request"", ""request-id"": ""cc790a3b-1a29-4114-a213-b428d98affd1"", ""method"": ""DELETE"", ""path"": ""/api/content/article"", ""status-code"": 404}"
741,2026-06-05T16:04:45.058Z,userservice-0,"{""severity"": ""INFO"", ""event"": ""call"", ""request-id"": ""cc790a3b-1a29-4114-a213-b428d98affd1"", ""target-service"": ""emailservice"", ""duration-ms"": 105}"
742,2026-06-05T16:04:45.072Z,emailservice-0,"{""severity"": ""INFO"", ""event"": ""request"", ""request-id"": ""cc790a3b-1a29-4114-a213-b428d98affd1"", ""method"": ""POST"", ""path"": ""/api/user/john"", ""status-code"": 200}"
743,2026-06-05T16:04:46.199Z,contentservice-0,"{""severity"": ""INFO"", ""event"": ""request"", ""request-id"": ""fda10b9b-bcbc-496b-92b7-6c147dba056f"", ""method"": ""POST"", ""path"": ""/api/content/notice"", ""status-code"": 201}"
744,2026-06-05T16:04:47.075Z,gateway-0,"{""severity"": ""INFO"", ""event"": ""call"", ""request-id"": ""e7024537-88f3-4a07-9b80-c06349a67573"", ""target-service"": ""authservice"", ""duration-ms"": 35}"
745,2026-06-05T16:04:47.313Z,contentservice-0,"{""severity"": ""INFO"", ""event"": ""call"", ""request-id"": ""8fadbb2f-602b-4dc1-9da9-7b1d91db22a6"", ""target-service"": ""emailservice"", ""duration-ms"": 124}"
746,2026-06-05T16:04:47.759Z,emailservice-0,"{""severity"": ""INFO"", ""event"": ""request"", ""request-id"": ""6aeaf069-d13c-4d7d-854c-8cd84c0ce709"", ""method"": ""PUT"", ""path"": ""/api/content/notice"", ""status-code"": 201}"
747,2026-06-05T16:04:48.673Z,userservice-0,"{""severity"": ""ERROR"", ""event"": ""internal"", ""exception"": ""System.UnauthorizedAccessException: Access to protected resource is denied.""}"
748,2026-06-05T16:04:48.673Z,contentservice-0,"{""severity"": ""INFO"", ""event"": ""request"", ""request-id"": ""306d4fd0-6bcd-4ef6-97fd-64ea211ed223"", ""method"": ""GET"", ""path"": ""/api/auth/login"", ""status-code"": 500}"
749,2026-06-05T16:04:48.778Z,contentservice-0,"{""severity"": ""ERROR"", ""event"": ""call"", ""request-id"": ""306d4fd0-6bcd-4ef6-97fd-64ea211ed223"", ""target-service"": ""emailservice"", ""duration-ms"": 230}"
750,2026-06-05T16:04:48.824Z,emailservice-0,"{""severity"": ""ERROR"", ""event"": ""internal"", ""exception"": ""System.InvalidOperationException: Failed to load service configuration.""}"
751,2026-06-05T16:04:48.824Z,userservice-0,"{""severity"": ""INFO"", ""event"": ""request"", ""request-id"": ""29542d36-5057-4924-adba-b2c21eda289a"", ""method"": ""DELETE"", ""path"": ""/api/auth/login"", ""status-code"": 500}"
752,2026-06-05T16:04:48.989Z,userservice-0,"{""severity"": ""INFO"", ""event"": ""call"", ""request-id"": ""29542d36-5057-4924-adba-b2c21eda289a"", ""target-service"": ""emailservice"", ""duration-ms"": 218}"
753,2026-06-05T16:04:49.022Z,emailservice-1,"{""severity"": ""INFO"", ""event"": ""request"", ""request-id"": ""29542d36-5057-4924-adba-b2c21eda289a"", ""method"": ""DELETE"", ""path"": ""/api/user/alice"", ""status-code"": 400}"
754,2026-06-05T16:04:49.976Z,contentservice-1,"{""severity"": ""INFO"", ""event"": ""call"", ""request-id"": ""86ec304d-11c4-41b8-af6b-7221153e36a2"", ""target-service"": ""emailservice"", ""duration-ms"": 158}"
755,2026-06-05T16:04:49.976Z,gateway-0,"{""severity"": ""INFO"", ""event"": ""request"", ""request-id"": ""bac4a543-6c4e-42ac-8f12-7e6fbbb5c015"", ""method"": ""POST"", ""path"": ""/api/user/john"", ""status-code"": 401}"
756,2026-06-05T16:04:50.164Z,gateway-1,"{""severity"": ""INFO"", ""event"": ""call"", ""request-id"": ""bac4a543-6c4e-42ac-8f12-7e6fbbb5c015"", ""target-service"": ""userservice"", ""duration-ms"": 234}"
757,2026-06-05T16:04:50.199Z,userservice-0,"{""severity"": ""INFO"", ""event"": ""request"", ""request-id"": ""bac4a543-6c4e-42ac-8f12-7e6fbbb5c015"", ""method"": ""GET"", ""path"": ""/api/content/article"", ""status-code"": 201}"
758,2026-06-05T16:04:50.275Z,userservice-0,"{""severity"": ""INFO"", ""event"": ""call"", ""request-id"": ""bac4a543-6c4e-42ac-8f12-7e6fbbb5c015"", ""target-service"": ""authservice"", ""duration-ms"": 91}"
759,2026-06-05T16:04:50.337Z,authservice-1,"{""severity"": ""INFO"", ""event"": ""request"", ""request-id"": ""bac4a543-6c4e-42ac-8f12-7e6fbbb5c015"", ""method"": ""POST"", ""path"": ""/api/content/notice"", ""status-code"": 204}"
760,2026-06-05T16:04:52.290Z,contentservice-1,"{""severity"": ""INFO"", ""event"": ""request"", ""request-id"": ""6d93f910-bbe6-4ca3-8ee3-7d885052754b"", ""method"": ""POST"", ""path"": ""/api/content/notice"", ""status-code"": 500}"
761,2026-06-05T16:04:52.290Z,contentservice-1,"{""severity"": ""INFO"", ""event"": ""request"", ""request-id"": ""6af648ad-afce-48ad-9451-493a1bb8ce09"", ""method"": ""POST"", ""path"": ""/api/auth/login"", ""status-code"": 404}"
762,2026-06-05T16:04:52.323Z,contentservice-1,"{""severity"": ""INFO"", ""event"": ""call"", ""request-id"": ""6af648ad-afce-48ad-9451-493a1bb8ce09"", ""target-service"": ""emailservice"", ""duration-ms"": 29}"
763,2026-06-05T16:04:52.336Z,emailservice-0,"{""severity"": ""INFO"", ""event"": ""request"", ""request-id"": ""6af648ad-afce-48ad-9451-493a1bb8ce09"", ""method"": ""DELETE"", ""path"": ""/api/content/notice"", ""status-code"": 204}"
764,2026-06-05T16:04:52.336Z,gateway-0,"{""severity"": ""INFO"", ""event"": ""request"", ""request-id"": ""f628c5ac-0009-4be5-99d6-7ecaff63f8dd"", ""method"": ""PUT"", ""path"": ""/api/user/john"", ""status-code"": 500}"
765,2026-06-05T16:04:52.480Z,gateway-1,"{""severity"": ""INFO"", ""event"": ""call"", ""request-id"": ""f628c5ac-0009-4be5-99d6-7ecaff63f8dd"", ""target-service"": ""userservice"", ""duration-ms"": 77}"
766,2026-06-05T16:04:52.551Z,userservice-0,"{""severity"": ""INFO"", ""event"": ""request"", ""request-id"": ""f628c5ac-0009-4be5-99d6-7ecaff63f8dd"", ""method"": ""PUT"", ""path"": ""/api/user/alice"", ""status-code"": 200}"
767,2026-06-05T16:04:52.711Z,userservice-1,"{""severity"": ""ERROR"", ""event"": ""call"", ""request-id"": ""f628c5ac-0009-4be5-99d6-7ecaff63f8dd"", ""target-service"": ""authservice"", ""duration-ms"": 167}"
768,2026-06-05T16:04:52.777Z,authservice-1,"{""severity"": ""ERROR"", ""event"": ""internal"", ""exception"": ""System.NullReferenceException: Object reference not set to an instance of an object.""}"
769,2026-06-05T16:04:54.730Z,contentservice-1,"{""severity"": ""INFO"", ""event"": ""request"", ""request-id"": ""fe7cf3fd-8d32-4fc2-9218-4955d1ee0159"", ""method"": ""DELETE"", ""path"": ""/api/auth/login"", ""status-code"": 200}"
770,2026-06-05T16:04:55.890Z,contentservice-0,"{""severity"": ""INFO"", ""event"": ""request"", ""request-id"": ""d696c976-9130-433c-b053-e26b54f424ab"", ""method"": ""GET"", ""path"": ""/api/content/article"", ""status-code"": 201}"
771,2026-06-05T16:04:55.979Z,emailservice-2,"{""severity"": ""INFO"", ""event"": ""request"", ""request-id"": ""14cbb750-92d3-4c53-a222-0fd07a7f77fb"", ""method"": ""GET"", ""path"": ""/api/auth/logout"", ""status-code"": 204}"
772,2026-06-05T16:04:55.979Z,gateway-1,"{""severity"": ""INFO"", ""event"": ""request"", ""request-id"": ""d12e0883-22a8-4e97-bdff-52643158b451"", ""method"": ""PUT"", ""path"": ""/api/user/john"", ""status-code"": 200}"
773,2026-06-05T16:04:56.054Z,gateway-0,"{""severity"": ""INFO"", ""event"": ""call"", ""request-id"": ""d12e0883-22a8-4e97-bdff-52643158b451"", ""target-service"": ""contentservice"", ""duration-ms"": 92}"
774,2026-06-05T16:04:56.108Z,contentservice-0,"{""severity"": ""INFO"", ""event"": ""request"", ""request-id"": ""d12e0883-22a8-4e97-bdff-52643158b451"", ""method"": ""GET"", ""path"": ""/api/user/alice"", ""status-code"": 500}"
775,2026-06-05T16:04:56.286Z,contentservice-1,"{""severity"": ""INFO"", ""event"": ""call"", ""request-id"": ""d12e0883-22a8-4e97-bdff-52643158b451"", ""target-service"": ""emailservice"", ""duration-ms"": 212}"
776,2026-06-05T16:04:56.370Z,emailservice-1,"{""severity"": ""INFO"", ""event"": ""request"", ""request-id"": ""d12e0883-22a8-4e97-bdff-52643158b451"", ""method"": ""POST"", ""path"": ""/api/user/alice"", ""status-code"": 204}"
777,2026-06-05T16:04:56.370Z,contentservice-0,"{""severity"": ""INFO"", ""event"": ""request"", ""request-id"": ""efc80f7e-c7aa-4e69-a64d-10e699524ba0"", ""method"": ""DELETE"", ""path"": ""/api/user/john"", ""status-code"": 204}"
778,2026-06-05T16:04:56.433Z,contentservice-1,"{""severity"": ""INFO"", ""event"": ""call"", ""request-id"": ""efc80f7e-c7aa-4e69-a64d-10e699524ba0"", ""target-service"": ""emailservice"", ""duration-ms"": 121}"
779,2026-06-05T16:04:56.478Z,emailservice-1,"{""severity"": ""INFO"", ""event"": ""request"", ""request-id"": ""efc80f7e-c7aa-4e69-a64d-10e699524ba0"", ""method"": ""GET"", ""path"": ""/api/auth/login"", ""status-code"": 200}"
780,2026-06-05T16:04:57.747Z,contentservice-1,"{""severity"": ""INFO"", ""event"": ""call"", ""request-id"": ""cad9df54-c878-4422-a08d-5c0c95e28b6c"", ""target-service"": ""emailservice"", ""duration-ms"": 23}"
781,2026-06-05T16:04:58.014Z,emailservice-0,"{""severity"": ""INFO"", ""event"": ""request"", ""request-id"": ""c85e03be-b776-4e65-a297-ca31f252571b"", ""method"": ""GET"", ""path"": ""/api/user/alice"", ""status-code"": 401}"
782,2026-06-05T16:04:58.014Z,userservice-0,"{""severity"": ""INFO"", ""event"": ""request"", ""request-id"": ""d75d449e-a478-4d26-9f5a-f67500790cb0"", ""method"": ""GET"", ""path"": ""/api/auth/login"", ""status-code"": 200}"
783,2026-06-05T16:04:58.113Z,userservice-0,"{""severity"": ""INFO"", ""event"": ""call"", ""request-id"": ""d75d449e-a478-4d26-9f5a-f67500790cb0"", ""target-service"": ""authservice"", ""duration-ms"": 120}"
784,2026-06-05T16:04:58.133Z,authservice-0,"{""severity"": ""INFO"", ""event"": ""request"", ""request-id"": ""d75d449e-a478-4d26-9f5a-f67500790cb0"", ""method"": ""GET"", ""path"": ""/api/auth/logout"", ""status-code"": 400}"
785,2026-06-05T16:04:58.738Z,contentservice-0,"{""severity"": ""INFO"", ""event"": ""request"", ""request-id"": ""2b667b04-029b-40eb-957d-183cc83814a2"", ""method"": ""POST"", ""path"": ""/api/auth/logout"", ""status-code"": 204}"
786,2026-06-05T16:04:59.971Z,emailservice-1,"{""severity"": ""ERROR"", ""event"": ""internal"", ""exception"": ""System.NullReferenceException: Object reference not set to an instance of an object.""}"
787,2026-06-05T16:05:00.923Z,contentservice-0,"{""severity"": ""INFO"", ""event"": ""call"", ""request-id"": ""fb033354-cf55-4158-921b-1e3a2de02351"", ""target-service"": ""emailservice"", ""duration-ms"": 119}"
788,2026-06-05T16:05:01.799Z,contentservice-1,"{""severity"": ""INFO"", ""event"": ""call"", ""request-id"": ""a5fc9732-7a33-45ea-ba13-67922ef7f5f1"", ""target-service"": ""emailservice"", ""duration-ms"": 132}"
789,2026-06-05T16:05:01.799Z,contentservice-0,"{""severity"": ""INFO"", ""event"": ""request"", ""request-id"": ""529d2de4-acff-42fc-b6c0-70b480f33895"", ""method"": ""GET"", ""path"": ""/api/auth/logout"", ""status-code"": 404}"
790,2026-06-05T16:05:01.984Z,contentservice-1,"{""severity"": ""INFO"", ""event"": ""call"", ""request-id"": ""529d2de4-acff-42fc-b6c0-70b480f33895"", ""target-service"": ""emailservice"", ""duration-ms"": 39}"
791,2026-06-05T16:05:02.040Z,emailservice-2,"{""severity"": ""INFO"", ""event"": ""request"", ""request-id"": ""529d2de4-acff-42fc-b6c0-70b480f33895"", ""method"": ""POST"", ""path"": ""/api/auth/logout"", ""status-code"": 400}"
792,2026-06-05T16:05:02.987Z,userservice-0,"{""severity"": ""INFO"", ""event"": ""call"", ""request-id"": ""1d4de6e4-6434-4198-b28a-084fed995fcf"", ""target-service"": ""authservice"", ""duration-ms"": 229}"
793,2026-06-05T16:05:02.987Z,gateway-1,"{""severity"": ""INFO"", ""event"": ""request"", ""request-id"": ""6318cc3f-f55c-408b-8d7d-4c1b9c5fae86"", ""method"": ""POST"", ""path"": ""/api/user/alice"", ""status-code"": 200}"
794,2026-06-05T16:05:03.117Z,gateway-1,"{""severity"": ""INFO"", ""event"": ""call"", ""request-id"": ""6318cc3f-f55c-408b-8d7d-4c1b9c5fae86"", ""target-service"": ""authservice"", ""duration-ms"": 120}"
795,2026-06-05T16:05:03.175Z,authservice-1,"{""severity"": ""INFO"", ""event"": ""request"", ""request-id"": ""6318cc3f-f55c-408b-8d7d-4c1b9c5fae86"", ""method"": ""GET"", ""path"": ""/api/user/john"", ""status-code"": 200}"
796,2026-06-05T16:05:04.935Z,contentservice-0,"{""severity"": ""INFO"", ""event"": ""request"", ""request-id"": ""ba28862e-5d25-44aa-a556-a3ed8270dcd8"", ""method"": ""GET"", ""path"": ""/api/user/alice"", ""status-code"": 200}"
797,2026-06-05T16:05:05.705Z,contentservice-0,"{""severity"": ""INFO"", ""event"": ""call"", ""request-id"": ""b927d712-6c4b-452e-9039-a9b2cdd452d9"", ""target-service"": ""emailservice"", ""duration-ms"": 78}"
798,2026-06-05T16:05:06.502Z,userservice-0,"{""severity"": ""WARNING"", ""event"": ""internal"", ""exception"": ""System.Net.Http.HttpRequestException: Remote service responded slowly.""}"
799,2026-06-05T16:05:06.943Z,authservice-1,"{""severity"": ""INFO"", ""event"": ""request"", ""request-id"": ""30baa03a-432e-4d14-9e16-eda3c75c5c66"", ""method"": ""PUT"", ""path"": ""/api/auth/logout"", ""status-code"": 400}"
